production_id,production_date,product_id,machine_id,shift_id,units_produced,defects,production_time_hours,material_cost_per_unit,labour_cost_per_hour,energy_kwh,operator_count,maintenance_hours,downtime_hours,scrap_rate,rework_hours,quality_checks_failed,avg_temp_c,avg_humidity_pct,status
PH0001,02-05-2025,PRD009,M05,S2,977,32,7.48,35.2,372.36,191.0,1,4.44,3.22,0.0328,1.77,2,26.6,35.1,COMPLETED
PH0002,10-02-2025,PRD020,M02,S3,3502,87,9.21,36.33,204.28,243.9,3,0.73,0.25,0.0248,2.85,2,20.7,64.2,COMPLETED
PH0003,28-04-2025,PRD017,M01,S2,1214,35,11.8,27.77,298.02,182.3,3,4.12,2.06,0.0288,2.06,0,26.1,41.6,COMPLETED
PH0004,28-03-2025,PRD005,M05,S3,2067,47,20.14,30.48,328.83,308.0,4,3.32,1.32,0.0227,0.3,0,25.2,39.6,COMPLETED
PH0005,08-05-2025,PRD013,M03,S2,3103,87,8.2,26.12,461.3,148.5,1,3.6,0.76,0.028,1.91,1,28.5,57.3,COMPLETED
PH0006,21-01-2025,PRD014,M04,S1,551,3,7.02,24.14,417.47,162.9,4,3.54,3.02,0.0054,0.9,2,23.8,50.0,COMPLETED
PH0007,06-04-2025,PRD024,M02,S3,3855,35,7.02,19.42,455.73,125.1,3,0.72,2.98,0.0091,0.58,2,27.1,49.5,COMPLETED
PH0008,10-03-2025,PRD010,M05,S2,3573,70,23.22,15.92,265.49,550.6,3,1.26,1.48,0.0196,0.7,1,22.4,46.0,COMPLETED
PH0009,06-03-2025,PRD037,M01,S3,615,18,4.63,21.72,374.66,116.3,3,1.78,3.68,0.0293,2.52,0,29.0,41.7,COMPLETED
PH0010,13-01-2025,PRD006,M05,S1,2707,30,12.73,25.13,436.28,329.5,2,4.25,1.89,0.0111,1.25,1,22.4,59.8,COMPLETED
PH0011,06-02-2025,PRD025,M02,S2,1634,19,7.96,19.34,306.48,127.3,3,1.67,3.05,0.0116,0.76,0,29.6,41.7,COMPLETED
PH0012,02-05-2025,PRD011,M03,S1,959,6,13.64,26.02,418.03,342.2,4,4.41,3.73,0.0063,1.89,1,20.4,58.3,COMPLETED
PH0013,20-04-2025,PRD036,M04,S2,1136,9,14.04,33.14,445.27,231.6,3,0.09,1.49,0.0079,1.17,1,20.1,57.9,COMPLETED
PH0014,26-04-2025,PRD005,M03,S2,2942,51,19.81,20.86,296.84,461.1,4,1.52,3.65,0.0173,2.17,1,22.0,57.2,COMPLETED
PH0015,04-03-2025,PRD011,M04,S2,3399,13,11.98,24.87,284.59,191.4,1,1.25,0.98,0.0038,1.77,0,25.3,49.1,COMPLETED
PH0016,12-02-2025,PRD036,M02,S3,3094,45,17.61,20.74,288.65,399.4,4,2.17,2.66,0.0145,1.33,2,29.3,42.9,COMPLETED
PH0017,09-04-2025,PRD019,M05,S2,2745,109,18.79,30.92,331.53,319.8,3,4.35,1.3,0.0397,0.33,2,24.9,47.8,COMPLETED
PH0018,20-01-2025,PRD004,M04,S3,2641,22,9.93,36.47,414.67,261.3,1,4.56,3.44,0.0083,1.36,0,26.7,43.2,COMPLETED
PH0019,12-05-2025,PRD027,M03,S3,3065,44,12.33,30.65,397.05,262.9,2,4.93,0.47,0.0144,0.47,1,28.0,57.9,COMPLETED
PH0020,08-02-2025,PRD029,M04,S3,3578,106,10.37,26.41,314.76,226.2,1,1.98,1.89,0.0296,0.26,0,29.9,36.1,COMPLETED
PH0021,10-03-2025,PRD037,M04,S1,2002,29,7.93,13.87,298.45,200.8,4,0.74,0.97,0.0145,2.08,0,24.2,36.8,COMPLETED
PH0022,03-04-2025,PRD030,M03,S1,1302,46,9.49,39.33,365.37,212.8,2,4.97,3.12,0.0353,1.78,2,28.6,40.4,COMPLETED
PH0023,03-03-2025,PRD031,M01,S3,1754,16,18.19,30.37,454.73,438.2,3,1.28,0.73,0.0091,1.54,1,27.0,60.3,COMPLETED
PH0024,05-02-2025,PRD039,M02,S2,3697,13,23.76,12.76,329.23,554.2,4,4.56,3.57,0.0035,0.71,2,24.2,56.5,COMPLETED
PH0025,20-01-2025,PRD006,M01,S3,668,26,22.15,12.05,318.2,519.9,3,4.11,2.95,0.0389,0.36,1,22.9,47.2,COMPLETED
PH0026,07-04-2025,PRD015,M05,S2,1049,27,12.18,35.38,245.42,195.4,3,3.16,0.62,0.0257,2.41,1,28.5,50.7,COMPLETED
PH0027,13-03-2025,PRD002,M02,S2,2198,6,19.19,7.85,200.04,321.1,1,0.23,1.04,0.0027,1.21,2,20.3,45.5,COMPLETED
PH0028,27-04-2025,PRD022,M05,S2,2517,62,13.67,9.31,252.34,339.8,3,2.34,1.97,0.0246,1.35,2,20.2,37.9,COMPLETED
PH0029,14-02-2025,PRD040,M05,S1,1903,30,12.5,39.41,209.17,329.6,2,0.67,0.82,0.0158,1.58,2,24.1,43.8,COMPLETED
PH0030,11-05-2025,PRD006,M03,S1,830,11,22.3,28.98,324.51,512.5,2,0.26,1.58,0.0133,1.97,1,28.5,45.8,COMPLETED
PH0031,22-02-2025,PRD033,M03,S3,1357,44,4.83,20.87,416.6,124.1,4,0.41,2.43,0.0324,2.7,0,23.5,46.8,COMPLETED
PH0032,04-02-2025,PRD030,M02,S2,2465,31,19.58,10.18,427.73,298.1,4,1.78,2.62,0.0126,0.54,2,25.4,44.0,COMPLETED
PH0033,02-02-2025,PRD001,M04,S3,782,23,14.87,6.06,464.58,248.7,1,4.17,1.32,0.0294,1.7,2,20.5,55.4,COMPLETED
PH0034,06-05-2025,PRD034,M01,S3,3007,39,4.44,11.28,375.21,123.5,1,3.73,3.3,0.013,2.62,2,25.3,41.9,COMPLETED
PH0035,19-03-2025,PRD027,M01,S1,1995,37,9.33,34.68,231.13,258.2,4,4.75,2.44,0.0185,2.14,1,24.4,61.5,COMPLETED
PH0036,06-01-2025,PRD017,M01,S1,1517,14,17.5,29.96,218.25,312.0,2,0.96,1.15,0.0092,0.49,2,27.5,35.8,COMPLETED
PH0037,27-05-2025,PRD013,M05,S2,3180,117,21.39,28.01,322.96,364.0,1,2.77,0.96,0.0368,1.91,0,27.2,44.7,COMPLETED
PH0038,22-01-2025,PRD003,M03,S1,1066,21,13.0,21.58,479.94,251.7,3,2.62,1.29,0.0197,2.63,0,22.1,60.7,COMPLETED
PH0039,15-04-2025,PRD027,M03,S1,3016,16,14.44,19.5,363.7,351.1,2,2.53,2.41,0.0053,2.58,0,24.2,42.4,COMPLETED
PH0040,16-03-2025,PRD034,M01,S3,1522,34,19.29,13.39,396.6,309.2,1,1.63,1.88,0.0223,0.54,0,21.1,52.0,COMPLETED
PH0041,09-02-2025,PRD017,M04,S2,736,23,7.68,15.2,351.84,167.3,2,4.53,3.33,0.0312,0.02,2,28.9,44.4,COMPLETED
PH0042,04-02-2025,PRD035,M03,S3,2862,41,4.1,13.02,228.12,70.4,1,3.11,1.63,0.0143,0.2,0,20.8,63.5,COMPLETED
PH0043,25-04-2025,PRD007,M04,S1,1720,53,7.95,8.47,474.63,181.9,3,2.65,3.55,0.0308,1.78,1,24.7,49.3,COMPLETED
PH0044,09-02-2025,PRD007,M02,S1,3137,27,7.18,18.65,219.93,199.9,4,0.25,2.43,0.0086,2.34,1,24.1,49.4,COMPLETED
PH0045,24-03-2025,PRD029,M03,S1,2824,59,20.09,36.3,463.45,334.3,3,4.08,2.7,0.0209,1.11,1,28.6,58.2,COMPLETED
PH0046,19-05-2025,PRD012,M01,S3,1119,14,23.64,15.43,277.67,542.2,3,2.98,3.87,0.0125,0.89,0,27.4,50.7,COMPLETED
PH0047,30-04-2025,PRD012,M01,S2,1267,22,14.82,37.45,232.75,406.8,3,2.75,1.57,0.0174,0.23,0,24.4,63.1,COMPLETED
PH0048,14-02-2025,PRD020,M04,S1,706,21,13.83,34.9,417.4,246.3,1,0.66,2.01,0.0297,0.27,0,22.5,59.6,COMPLETED
PH0049,11-03-2025,PRD017,M01,S3,2577,55,4.15,23.93,397.64,87.6,4,4.53,3.07,0.0213,1.56,2,23.4,49.8,COMPLETED
PH0050,03-01-2025,PRD029,M02,S3,3431,57,8.08,32.49,370.32,141.9,3,3.47,1.79,0.0166,0.91,1,26.9,55.6,COMPLETED
PH0051,23-04-2025,PRD001,M02,S1,3276,0,23.25,11.53,409.5,650.5,3,1.73,2.41,0.0,0.32,2,29.9,64.2,COMPLETED
PH0052,04-04-2025,PRD039,M03,S2,3372,21,10.55,33.97,245.47,292.5,2,2.55,1.54,0.0062,2.84,2,20.7,50.0,COMPLETED
PH0053,13-02-2025,PRD020,M03,S2,2871,57,23.66,33.47,434.72,511.6,1,3.31,2.02,0.0199,2.03,1,22.4,63.5,COMPLETED
PH0054,10-05-2025,PRD005,M05,S1,1967,12,21.65,7.36,211.79,523.8,2,1.24,1.99,0.0061,1.62,2,24.5,37.1,COMPLETED
PH0055,29-04-2025,PRD009,M05,S3,2065,79,16.68,38.52,476.49,455.1,1,2.71,0.17,0.0383,0.83,2,20.4,36.1,COMPLETED
PH0056,13-03-2025,PRD020,M02,S1,1855,53,22.66,19.3,213.47,499.0,2,4.51,1.73,0.0286,0.97,1,27.2,49.8,COMPLETED
PH0057,16-05-2025,PRD023,M01,S1,2236,65,19.1,14.35,233.74,432.9,2,2.9,1.26,0.0291,2.89,2,29.3,44.0,COMPLETED
PH0058,06-04-2025,PRD018,M03,S3,1947,24,4.96,13.47,443.41,129.2,2,0.09,0.41,0.0123,1.92,0,22.4,57.9,COMPLETED
PH0059,19-01-2025,PRD001,M01,S3,2847,70,21.35,37.21,350.04,399.2,4,2.81,1.24,0.0246,2.8,0,28.0,53.3,COMPLETED
PH0060,23-03-2025,PRD001,M02,S3,2250,43,11.66,17.61,467.8,225.5,2,0.89,3.17,0.0191,1.85,2,21.2,36.9,COMPLETED
PH0061,18-01-2025,PRD012,M01,S2,2338,39,15.64,38.39,234.12,365.7,2,4.56,2.16,0.0167,2.89,1,26.7,58.7,COMPLETED
PH0062,31-03-2025,PRD016,M01,S2,2460,36,6.4,21.49,415.79,99.4,2,0.73,0.7,0.0146,1.54,1,20.3,47.7,COMPLETED
PH0063,17-03-2025,PRD002,M04,S3,3983,55,5.32,14.52,207.95,130.6,4,2.87,2.18,0.0138,2.56,2,24.1,53.3,COMPLETED
PH0064,02-05-2025,PRD016,M03,S2,2684,59,10.0,14.56,246.89,203.8,3,1.98,3.93,0.022,0.91,2,29.5,40.8,COMPLETED
PH0065,08-04-2025,PRD013,M01,S1,1823,53,16.5,12.82,223.84,304.6,1,3.39,1.71,0.0291,0.47,1,27.3,56.1,COMPLETED
PH0066,10-01-2025,PRD005,M03,S3,2347,16,13.71,30.77,416.03,266.3,1,2.43,2.96,0.0068,2.07,2,27.5,39.9,COMPLETED
PH0067,17-01-2025,PRD013,M05,S1,2161,31,17.35,25.37,362.36,403.0,2,1.36,0.9,0.0143,0.65,1,21.0,44.5,COMPLETED
PH0068,27-04-2025,PRD024,M02,S3,2571,60,21.57,9.58,351.26,334.0,1,1.87,0.86,0.0233,1.45,2,24.4,63.3,COMPLETED
PH0069,14-01-2025,PRD002,M05,S3,1912,34,18.84,23.77,450.78,415.5,1,2.53,0.82,0.0178,2.85,0,26.0,58.7,COMPLETED
PH0070,10-04-2025,PRD032,M01,S2,3532,70,20.04,30.23,326.35,501.1,3,0.02,2.84,0.0198,1.53,2,28.4,59.3,COMPLETED
PH0071,05-05-2025,PRD007,M05,S1,3143,17,21.43,29.82,429.76,485.0,1,2.53,3.88,0.0054,0.24,1,22.8,38.7,COMPLETED
PH0072,05-03-2025,PRD036,M04,S3,1421,12,6.73,19.26,256.07,179.4,3,4.0,1.94,0.0084,0.13,1,26.9,36.4,COMPLETED
PH0073,01-03-2025,PRD016,M01,S2,2358,35,8.1,28.56,331.66,202.3,4,4.7,2.13,0.0148,0.86,2,25.3,61.5,COMPLETED
PH0074,30-04-2025,PRD001,M03,S1,3779,64,18.78,17.78,387.21,511.8,2,3.72,0.63,0.0169,0.51,1,25.7,47.9,COMPLETED
PH0075,17-02-2025,PRD005,M04,S3,3627,3,4.97,18.88,377.22,132.3,3,2.17,0.34,0.0008,2.52,2,26.4,47.4,COMPLETED
PH0076,19-01-2025,PRD006,M05,S1,2967,59,11.46,12.13,279.39,231.3,1,3.99,0.35,0.0199,1.32,1,28.5,48.0,COMPLETED
PH0077,25-05-2025,PRD021,M03,S3,2428,51,23.34,7.23,215.26,479.8,3,0.79,0.87,0.021,0.45,2,24.2,60.0,COMPLETED
PH0078,14-04-2025,PRD036,M02,S3,2681,90,4.29,29.42,240.75,103.0,4,3.34,2.37,0.0336,2.65,2,20.8,63.0,COMPLETED
PH0079,15-02-2025,PRD003,M01,S2,3610,59,20.76,26.17,441.13,324.5,4,2.78,0.75,0.0163,0.05,0,27.5,57.1,COMPLETED
PH0080,14-04-2025,PRD028,M04,S3,3299,14,10.95,32.21,386.61,192.7,3,0.91,3.12,0.0042,0.74,1,26.2,57.1,COMPLETED
PH0081,06-05-2025,PRD040,M01,S2,1633,39,4.17,19.3,310.35,69.0,4,2.19,0.47,0.0239,2.51,2,21.8,53.1,COMPLETED
PH0082,24-02-2025,PRD001,M05,S3,3772,70,21.64,17.83,341.52,429.1,2,0.46,2.22,0.0186,0.74,2,28.5,45.2,COMPLETED
PH0083,28-02-2025,PRD035,M04,S3,2672,54,11.0,19.71,276.83,253.2,1,1.72,2.96,0.0202,2.34,0,20.0,37.0,COMPLETED
PH0084,01-03-2025,PRD038,M02,S2,3838,65,18.88,37.83,295.67,421.0,3,3.07,0.45,0.0169,2.31,2,29.0,58.1,COMPLETED
PH0085,01-01-2025,PRD031,M05,S3,2731,125,22.22,10.38,431.64,437.1,3,3.37,3.22,0.0458,2.4,2,26.1,41.4,COMPLETED
PH0086,25-01-2025,PRD007,M01,S1,2297,91,23.63,25.5,416.21,431.1,3,3.53,3.14,0.0396,2.23,0,21.0,45.7,COMPLETED
PH0087,03-05-2025,PRD002,M03,S3,1771,12,15.58,6.02,299.15,381.0,2,1.43,2.28,0.0068,2.93,0,22.7,55.5,COMPLETED
PH0088,18-01-2025,PRD013,M03,S1,3923,80,13.77,13.71,340.94,280.3,2,1.1,1.15,0.0204,1.66,0,20.8,37.7,COMPLETED
PH0089,18-02-2025,PRD014,M01,S3,2350,44,23.45,29.33,452.28,515.3,4,2.31,3.14,0.0187,1.65,2,28.9,50.9,COMPLETED
PH0090,15-05-2025,PRD026,M03,S1,2096,18,17.65,28.12,217.46,485.8,4,1.23,0.84,0.0086,0.21,1,24.6,36.2,COMPLETED
PH0091,25-02-2025,PRD007,M04,S1,3667,125,14.83,8.28,357.96,338.3,1,2.74,1.34,0.0341,1.97,2,22.2,64.8,COMPLETED
PH0092,22-01-2025,PRD014,M03,S3,1017,26,18.48,9.95,299.11,356.1,2,2.38,0.44,0.0256,1.37,0,20.3,64.1,COMPLETED
PH0093,18-03-2025,PRD025,M01,S1,778,2,18.63,18.41,241.56,409.2,1,1.38,0.39,0.0026,1.04,2,23.5,36.2,COMPLETED
PH0094,23-04-2025,PRD008,M01,S1,2587,56,17.5,25.44,339.22,370.6,2,4.31,1.53,0.0216,1.96,2,20.2,35.6,COMPLETED
PH0095,30-05-2025,PRD013,M01,S3,3270,49,18.13,7.09,460.44,292.4,4,4.73,0.57,0.015,0.1,1,21.1,35.9,COMPLETED
PH0096,26-03-2025,PRD019,M04,S1,3083,72,14.67,25.93,245.04,304.0,4,4.43,1.68,0.0234,2.1,1,25.0,56.2,COMPLETED
PH0097,12-01-2025,PRD032,M03,S2,2644,52,16.02,26.42,342.65,276.5,1,2.43,2.15,0.0197,1.15,0,27.6,48.7,COMPLETED
PH0098,23-01-2025,PRD031,M04,S1,664,12,5.48,30.94,362.67,114.4,2,1.63,1.69,0.0181,2.21,2,25.3,54.8,COMPLETED
PH0099,19-04-2025,PRD040,M02,S3,603,17,21.4,7.63,342.57,573.0,1,3.88,0.46,0.0282,2.22,2,29.0,52.2,COMPLETED
PH0100,27-02-2025,PRD019,M03,S2,530,17,14.4,34.99,209.62,276.4,3,3.29,2.01,0.0321,1.2,1,20.7,55.9,COMPLETED
PH0101,14-01-2025,PRD037,M04,S3,2149,41,19.44,32.41,201.94,382.0,3,4.34,3.4,0.0191,2.13,2,28.0,41.9,COMPLETED
PH0102,16-02-2025,PRD032,M02,S3,2375,67,11.03,26.53,398.55,191.3,1,3.5,3.71,0.0282,2.65,0,21.3,52.1,COMPLETED
PH0103,24-03-2025,PRD033,M05,S1,560,5,17.25,7.09,287.63,327.7,3,2.09,0.46,0.0089,1.31,0,20.3,44.0,COMPLETED
PH0104,23-03-2025,PRD033,M01,S1,3902,80,16.55,19.66,280.45,432.0,2,3.1,0.37,0.0205,0.78,1,22.8,48.0,COMPLETED
PH0105,24-01-2025,PRD037,M04,S2,2283,29,11.7,7.78,302.26,322.7,2,2.78,0.84,0.0127,0.9,0,20.2,62.0,COMPLETED
PH0106,27-03-2025,PRD010,M03,S2,2222,16,8.01,6.74,372.26,136.8,2,4.64,3.15,0.0072,0.34,0,29.0,37.0,COMPLETED
PH0107,10-05-2025,PRD033,M02,S2,1566,24,5.98,36.86,240.22,162.9,3,0.46,0.69,0.0153,0.17,2,25.9,53.8,COMPLETED
PH0108,01-03-2025,PRD003,M05,S1,2349,49,10.52,28.14,454.39,206.4,3,1.72,0.91,0.0209,1.7,1,21.1,60.0,COMPLETED
PH0109,17-02-2025,PRD006,M03,S1,3569,72,19.15,36.94,321.6,345.8,1,3.63,2.75,0.0202,2.04,2,25.7,36.9,COMPLETED
PH0110,08-03-2025,PRD011,M02,S1,3744,88,10.03,13.71,236.47,271.0,3,2.45,3.36,0.0235,0.01,0,21.1,45.3,COMPLETED
PH0111,28-02-2025,PRD006,M04,S1,528,5,16.78,37.13,264.24,298.0,3,0.06,0.06,0.0095,1.19,2,21.8,44.7,COMPLETED
PH0112,15-03-2025,PRD040,M01,S3,2884,48,18.69,24.71,305.64,432.5,2,3.45,1.48,0.0166,1.54,0,25.2,51.8,COMPLETED
PH0113,20-01-2025,PRD029,M05,S1,749,2,8.68,12.43,367.64,198.6,2,4.15,2.09,0.0027,2.23,2,21.3,56.6,COMPLETED
PH0114,14-05-2025,PRD040,M02,S3,1473,0,8.13,37.09,430.64,214.8,2,2.92,1.61,0.0,1.2,1,28.5,46.6,COMPLETED
PH0115,27-05-2025,PRD020,M04,S3,3517,99,9.54,6.85,366.16,202.5,2,3.93,0.02,0.0281,0.21,1,24.8,50.2,COMPLETED
PH0116,09-05-2025,PRD004,M02,S3,3740,96,14.33,13.41,475.18,381.2,1,3.13,1.76,0.0257,0.62,1,26.8,55.1,COMPLETED
PH0117,17-02-2025,PRD022,M04,S3,1719,18,8.34,38.7,257.42,142.5,2,3.02,0.37,0.0105,0.5,1,23.1,59.0,COMPLETED
PH0118,20-04-2025,PRD034,M01,S1,1848,39,13.61,19.95,308.3,262.3,1,3.08,1.89,0.0211,1.12,0,22.1,61.7,COMPLETED
PH0119,08-04-2025,PRD010,M05,S3,3148,129,12.4,24.11,283.67,337.4,1,1.41,2.92,0.041,0.06,1,27.4,49.1,COMPLETED
PH0120,25-03-2025,PRD014,M04,S3,3188,63,8.36,19.49,404.62,154.9,1,0.74,3.72,0.0198,1.81,1,24.7,59.3,COMPLETED
PH0121,17-03-2025,PRD032,M05,S1,3518,91,10.81,16.79,298.61,182.1,2,0.6,1.04,0.0259,0.21,1,21.5,37.0,COMPLETED
PH0122,18-03-2025,PRD012,M05,S2,2556,47,23.67,26.18,422.87,404.1,1,2.75,2.71,0.0184,0.31,2,29.4,47.5,COMPLETED
PH0123,27-03-2025,PRD032,M04,S3,2449,72,12.04,28.05,350.65,244.8,4,3.27,3.64,0.0294,0.93,1,26.8,52.7,COMPLETED
PH0124,20-01-2025,PRD012,M05,S2,3099,70,16.67,35.32,297.29,253.0,2,0.13,3.75,0.0226,0.5,1,23.7,63.4,COMPLETED
PH0125,23-03-2025,PRD004,M05,S1,2903,0,23.43,19.08,408.01,575.6,1,0.5,0.94,0.0,2.67,1,25.2,42.3,COMPLETED
PH0126,25-01-2025,PRD029,M03,S2,1187,45,4.94,39.67,231.67,100.8,1,1.52,3.18,0.0379,1.01,1,26.3,51.3,COMPLETED
PH0127,12-01-2025,PRD035,M02,S3,3338,66,19.85,37.25,469.7,487.9,1,2.25,1.17,0.0198,2.59,2,21.0,51.6,COMPLETED
PH0128,18-05-2025,PRD004,M01,S1,1380,28,10.22,30.34,222.11,234.8,2,3.94,0.39,0.0203,1.0,1,27.0,56.4,COMPLETED
PH0129,15-02-2025,PRD018,M02,S2,3147,22,7.0,38.4,426.69,126.6,4,4.29,1.01,0.007,2.48,1,24.8,62.8,COMPLETED
PH0130,05-04-2025,PRD017,M05,S3,954,29,19.79,24.4,277.3,357.2,3,2.18,2.08,0.0304,1.79,2,21.0,37.4,COMPLETED
PH0131,08-05-2025,PRD008,M04,S1,2169,47,8.53,24.27,450.94,133.4,4,1.08,2.87,0.0217,1.56,1,20.2,61.0,COMPLETED
PH0132,31-03-2025,PRD007,M03,S1,3420,98,18.64,7.05,399.23,416.1,4,1.35,0.68,0.0287,2.77,0,28.0,56.0,COMPLETED
PH0133,19-05-2025,PRD031,M02,S2,3410,103,9.01,26.12,426.84,233.0,4,4.88,3.05,0.0302,0.7,1,24.5,54.5,COMPLETED
PH0134,04-02-2025,PRD024,M03,S3,736,33,20.34,14.17,377.81,376.4,4,3.5,0.83,0.0448,2.22,1,26.8,44.4,COMPLETED
PH0135,04-05-2025,PRD036,M05,S3,3550,31,12.81,17.21,273.48,299.3,3,4.61,0.59,0.0087,2.22,2,26.7,60.4,COMPLETED
PH0136,04-04-2025,PRD031,M02,S2,2528,39,9.68,23.45,202.04,176.4,2,0.6,1.54,0.0154,0.31,0,21.5,55.1,COMPLETED
PH0137,10-01-2025,PRD027,M05,S3,698,3,17.82,15.06,249.88,487.2,4,4.8,2.02,0.0043,1.65,2,21.5,51.4,COMPLETED
PH0138,01-01-2025,PRD036,M01,S1,2175,20,20.02,35.3,266.0,412.7,2,2.91,4.0,0.0092,0.83,1,20.7,46.6,COMPLETED
PH0139,26-01-2025,PRD021,M01,S2,2755,53,12.55,29.43,241.68,329.5,2,3.21,0.43,0.0192,0.07,1,20.9,54.3,COMPLETED
PH0140,08-01-2025,PRD032,M05,S3,966,14,21.32,23.19,319.6,451.0,1,1.1,3.85,0.0145,1.93,0,22.9,63.4,COMPLETED
PH0141,23-01-2025,PRD016,M02,S1,1104,15,19.06,6.77,279.28,520.2,4,0.78,3.49,0.0136,2.31,1,28.9,62.7,COMPLETED
PH0142,26-02-2025,PRD023,M05,S1,1926,47,10.12,10.42,452.59,280.9,2,3.44,3.8,0.0244,1.82,0,20.5,35.4,COMPLETED
PH0143,30-04-2025,PRD021,M02,S3,1211,2,19.92,33.26,464.22,516.0,2,2.97,3.76,0.0017,1.84,0,20.2,48.7,COMPLETED
PH0144,01-04-2025,PRD031,M01,S1,3645,62,10.14,39.83,422.62,252.0,2,0.26,1.15,0.017,2.4,2,29.0,45.5,COMPLETED
PH0145,03-05-2025,PRD011,M04,S1,1235,32,4.43,19.29,355.05,103.0,3,1.71,1.26,0.0259,0.85,0,22.8,62.5,COMPLETED
PH0146,04-04-2025,PRD022,M02,S2,3268,36,16.69,29.77,248.82,332.8,1,2.55,3.64,0.011,1.79,0,27.0,43.5,COMPLETED
PH0147,18-05-2025,PRD019,M02,S3,2356,11,8.49,14.05,469.47,144.9,1,0.53,0.55,0.0047,0.61,1,22.0,37.6,COMPLETED
PH0148,25-02-2025,PRD002,M01,S1,3263,57,18.92,12.01,285.45,525.4,1,2.19,1.18,0.0175,0.02,0,25.5,51.5,COMPLETED
PH0149,21-01-2025,PRD013,M01,S2,3701,134,20.96,30.28,278.47,379.7,2,3.63,0.9,0.0362,2.72,2,22.5,59.0,COMPLETED
PH0150,05-05-2025,PRD032,M01,S3,587,9,19.23,22.63,436.1,307.4,3,4.78,3.27,0.0153,1.3,2,23.5,61.8,COMPLETED
PH0151,10-03-2025,PRD012,M04,S3,998,19,8.72,23.66,236.71,173.9,2,4.53,0.38,0.019,1.84,0,26.5,49.7,COMPLETED
PH0152,02-03-2025,PRD028,M05,S1,1908,40,6.6,22.67,232.12,149.0,2,3.92,1.67,0.021,1.89,1,20.6,56.3,COMPLETED
PH0153,12-03-2025,PRD039,M05,S2,1323,32,6.9,21.91,209.09,143.2,1,4.37,0.54,0.0242,1.49,2,22.6,54.3,COMPLETED
PH0154,08-02-2025,PRD031,M04,S2,3556,80,5.42,21.04,363.69,133.4,3,4.32,0.12,0.0225,2.94,2,29.7,36.1,COMPLETED
PH0155,23-03-2025,PRD013,M04,S3,1808,37,11.09,25.68,446.28,285.9,2,4.73,1.87,0.0205,2.39,0,25.2,62.5,COMPLETED
PH0156,16-01-2025,PRD002,M05,S1,2794,53,7.64,29.07,291.16,147.3,1,0.1,1.57,0.019,0.71,2,20.3,41.5,COMPLETED
PH0157,24-01-2025,PRD008,M04,S2,3346,30,21.56,22.81,378.92,504.9,2,2.58,1.22,0.009,2.71,0,25.7,51.8,COMPLETED
PH0158,07-03-2025,PRD010,M05,S3,2371,9,13.2,32.52,292.39,358.4,2,0.69,1.27,0.0038,2.72,2,22.8,44.5,COMPLETED
PH0159,07-03-2025,PRD009,M02,S1,2489,48,17.2,6.94,346.55,331.9,2,3.21,1.62,0.0193,2.94,2,27.0,50.5,COMPLETED
PH0160,05-05-2025,PRD023,M03,S2,2047,35,22.16,39.97,367.67,528.8,3,0.04,2.81,0.0171,2.8,1,28.6,61.4,COMPLETED
PH0161,25-05-2025,PRD017,M01,S3,547,7,7.03,25.57,283.61,169.8,3,4.72,2.91,0.0128,0.78,1,25.6,56.8,COMPLETED
PH0162,11-03-2025,PRD037,M01,S3,2339,21,4.55,30.74,446.52,115.3,2,3.91,2.07,0.009,1.43,2,20.3,35.6,COMPLETED
PH0163,06-04-2025,PRD026,M05,S1,3352,80,6.23,15.65,391.81,95.9,2,2.6,0.34,0.0239,2.28,2,26.1,41.6,COMPLETED
PH0164,06-04-2025,PRD016,M04,S1,1555,43,5.84,9.27,254.32,104.0,4,0.59,3.52,0.0277,1.66,0,26.2,43.6,COMPLETED
PH0165,01-04-2025,PRD003,M03,S3,3646,112,17.3,19.86,409.05,431.5,1,4.39,2.18,0.0307,0.64,1,21.0,46.3,COMPLETED
PH0166,27-03-2025,PRD019,M04,S3,1381,43,23.52,8.58,257.65,497.4,3,0.46,3.6,0.0311,0.14,0,22.5,47.7,COMPLETED
PH0167,26-01-2025,PRD001,M05,S3,1940,43,8.04,36.34,390.0,175.4,4,1.96,2.16,0.0222,0.75,1,26.9,47.3,COMPLETED
PH0168,09-03-2025,PRD040,M04,S1,3085,60,15.38,12.27,396.16,394.5,2,4.48,3.77,0.0194,2.0,0,21.1,54.6,COMPLETED
PH0169,08-02-2025,PRD015,M04,S1,2907,17,15.33,21.33,308.83,312.0,1,2.27,1.91,0.0058,0.29,0,20.6,58.3,COMPLETED
PH0170,27-02-2025,PRD023,M03,S1,3298,94,7.06,16.19,265.48,146.3,1,0.58,1.6,0.0285,0.28,2,23.9,52.5,COMPLETED
PH0171,13-01-2025,PRD003,M01,S1,2268,50,11.03,29.33,223.73,288.7,3,3.88,1.56,0.022,1.41,1,27.9,35.9,COMPLETED
PH0172,01-03-2025,PRD017,M04,S1,1558,39,23.68,15.49,324.84,523.8,3,0.78,2.33,0.025,2.17,1,29.4,56.8,COMPLETED
PH0173,26-01-2025,PRD025,M01,S1,1870,38,16.5,34.54,324.91,284.4,1,1.12,1.91,0.0203,0.94,1,21.1,47.4,COMPLETED
PH0174,28-01-2025,PRD034,M02,S2,3878,30,7.67,31.61,334.46,207.4,4,1.02,0.78,0.0077,2.9,1,29.2,49.5,COMPLETED
PH0175,27-02-2025,PRD023,M03,S2,921,8,6.45,17.03,359.12,126.2,4,4.07,3.79,0.0087,0.73,0,27.2,52.6,COMPLETED
PH0176,14-05-2025,PRD012,M01,S2,1938,0,16.97,26.12,209.97,325.3,2,3.21,3.43,0.0,1.37,1,22.7,43.4,COMPLETED
PH0177,28-04-2025,PRD006,M02,S1,2055,45,12.26,35.23,465.76,195.9,2,3.55,0.34,0.0219,0.22,1,21.0,54.9,COMPLETED
PH0178,11-02-2025,PRD015,M04,S3,2737,15,19.62,32.27,443.67,471.1,3,2.62,1.96,0.0055,0.32,1,28.1,62.4,COMPLETED
PH0179,02-04-2025,PRD040,M05,S1,2041,49,20.09,27.48,411.71,537.8,1,1.13,1.46,0.024,2.38,0,25.1,48.3,COMPLETED
PH0180,08-02-2025,PRD025,M03,S3,3958,110,13.69,38.61,297.41,337.2,2,1.2,0.33,0.0278,0.23,2,20.7,45.5,COMPLETED
PH0181,02-02-2025,PRD006,M05,S2,1980,27,13.59,10.33,395.52,260.0,4,0.68,3.82,0.0136,2.31,0,27.2,47.8,COMPLETED
PH0182,08-04-2025,PRD035,M02,S3,2249,23,23.28,26.58,305.38,566.6,3,1.24,1.74,0.0102,0.4,2,24.0,57.9,COMPLETED
PH0183,21-05-2025,PRD013,M04,S2,1378,36,18.83,26.04,431.13,448.7,2,4.09,0.62,0.0261,1.84,0,27.5,52.4,COMPLETED
PH0184,25-02-2025,PRD020,M01,S3,2367,3,9.26,28.25,435.46,146.7,4,4.44,0.51,0.0013,0.81,1,26.3,52.6,COMPLETED
PH0185,27-03-2025,PRD032,M05,S2,1504,40,5.56,26.1,243.86,155.4,3,0.39,0.3,0.0266,2.36,0,24.1,62.8,COMPLETED
PH0186,16-01-2025,PRD014,M04,S1,1314,26,15.85,22.54,232.69,270.4,2,1.72,3.2,0.0198,0.57,2,26.0,50.2,COMPLETED
PH0187,22-04-2025,PRD014,M02,S2,2483,66,18.87,15.76,362.44,504.4,1,2.11,1.45,0.0266,2.4,2,26.9,41.5,COMPLETED
PH0188,01-01-2025,PRD032,M04,S1,2032,45,21.49,24.58,287.81,518.9,2,0.17,2.6,0.0221,2.91,1,22.2,60.9,COMPLETED
PH0189,05-03-2025,PRD025,M02,S1,1331,43,19.87,27.62,200.78,330.7,3,1.76,1.93,0.0323,2.8,0,28.0,51.2,COMPLETED
PH0190,04-05-2025,PRD029,M01,S3,3110,19,5.83,14.67,458.32,144.3,3,4.59,3.13,0.0061,1.81,0,21.3,44.6,COMPLETED
PH0191,22-02-2025,PRD013,M03,S2,2124,45,10.22,23.63,436.71,170.1,3,3.63,3.98,0.0212,2.25,1,27.3,60.8,COMPLETED
PH0192,08-03-2025,PRD014,M04,S3,544,11,6.14,7.08,400.07,113.4,2,3.33,2.09,0.0202,0.18,2,23.1,35.8,COMPLETED
PH0193,22-04-2025,PRD037,M05,S1,811,15,16.23,27.11,478.58,304.3,1,0.23,3.12,0.0185,0.91,1,29.1,52.3,COMPLETED
PH0194,19-02-2025,PRD030,M03,S2,3826,70,4.43,13.85,212.36,89.9,4,4.88,2.8,0.0183,2.78,2,24.1,44.1,COMPLETED
PH0195,21-05-2025,PRD007,M01,S2,3829,56,22.64,10.21,407.13,359.6,2,2.64,2.7,0.0146,0.7,1,25.9,53.1,COMPLETED
PH0196,12-01-2025,PRD031,M02,S1,1816,46,9.92,36.01,247.96,209.2,4,4.01,0.32,0.0253,1.78,2,26.3,40.9,COMPLETED
PH0197,15-05-2025,PRD002,M03,S3,2995,72,15.56,18.82,222.46,291.5,2,1.63,2.3,0.024,1.21,2,26.4,56.9,COMPLETED
PH0198,17-01-2025,PRD039,M03,S1,721,23,22.89,12.44,286.1,547.9,2,4.56,1.58,0.0319,2.98,2,21.0,59.8,COMPLETED
PH0199,15-04-2025,PRD011,M01,S3,1796,39,16.07,13.29,329.34,248.3,4,3.55,0.46,0.0217,0.77,0,27.9,47.0,COMPLETED
PH0200,06-02-2025,PRD007,M03,S3,1230,40,14.24,12.6,393.15,296.8,3,1.23,1.58,0.0325,2.77,2,28.9,49.5,COMPLETED
PH0201,23-04-2025,PRD005,M01,S2,2535,52,7.82,24.07,249.29,206.2,3,0.37,3.95,0.0205,1.61,0,27.5,39.6,COMPLETED
PH0202,28-05-2025,PRD032,M02,S2,874,3,7.37,30.3,440.66,150.0,2,4.48,3.01,0.0034,0.39,1,22.9,51.1,COMPLETED
PH0203,25-02-2025,PRD011,M01,S2,2283,63,9.23,10.98,452.31,166.0,4,0.97,2.2,0.0276,1.39,2,25.8,52.1,COMPLETED
PH0204,27-02-2025,PRD020,M01,S2,1952,13,11.63,39.92,265.91,249.5,3,2.74,0.16,0.0067,1.54,2,29.7,47.2,COMPLETED
PH0205,29-03-2025,PRD005,M02,S1,1025,29,20.69,38.38,463.35,411.1,2,2.27,1.26,0.0283,0.39,0,21.9,36.8,COMPLETED
PH0206,25-03-2025,PRD021,M05,S2,3294,79,10.55,35.6,311.57,168.2,1,2.77,1.73,0.024,2.36,1,23.5,62.6,COMPLETED
PH0207,23-03-2025,PRD003,M03,S3,3778,55,21.57,29.52,204.07,511.8,4,3.28,0.0,0.0146,1.23,1,22.9,64.6,COMPLETED
PH0208,06-01-2025,PRD034,M05,S3,2897,108,11.93,7.3,294.72,300.6,1,2.38,0.36,0.0373,2.76,1,22.8,46.5,COMPLETED
PH0209,29-04-2025,PRD014,M02,S1,1778,36,15.97,8.33,471.47,387.8,3,4.41,0.64,0.0202,2.8,2,25.0,35.7,COMPLETED
PH0210,19-04-2025,PRD012,M02,S3,3435,71,17.57,30.85,417.18,350.9,2,1.46,3.34,0.0207,1.27,2,22.3,45.3,COMPLETED
PH0211,23-04-2025,PRD032,M03,S2,723,4,17.74,14.14,258.42,439.0,1,1.61,0.27,0.0055,1.27,0,26.0,36.8,COMPLETED
PH0212,27-03-2025,PRD032,M03,S1,1758,32,4.83,16.05,380.17,80.4,3,4.97,1.44,0.0182,2.04,2,26.4,40.0,COMPLETED
PH0213,14-04-2025,PRD016,M03,S3,1484,45,15.98,11.7,349.87,430.3,1,0.58,0.76,0.0303,0.77,2,25.8,50.1,COMPLETED
PH0214,23-04-2025,PRD012,M04,S1,3923,107,20.24,18.58,240.88,371.1,2,4.5,1.91,0.0273,1.84,1,20.3,36.9,COMPLETED
PH0215,02-04-2025,PRD038,M04,S3,2115,58,4.8,39.16,201.59,86.8,2,3.42,3.75,0.0274,0.35,0,23.3,55.4,COMPLETED
PH0216,27-04-2025,PRD011,M01,S2,3526,87,23.11,23.08,448.55,509.0,2,0.47,3.26,0.0247,1.24,1,26.0,54.5,COMPLETED
PH0217,02-03-2025,PRD031,M04,S2,841,14,16.28,21.1,417.4,415.7,3,2.59,0.59,0.0166,1.12,2,29.2,43.0,COMPLETED
PH0218,06-05-2025,PRD011,M05,S3,1468,41,22.71,23.16,466.15,502.8,4,4.05,0.43,0.0279,0.65,1,22.1,53.7,COMPLETED
PH0219,15-01-2025,PRD029,M05,S3,3494,69,17.64,37.1,277.15,430.9,4,0.38,0.5,0.0197,0.68,1,29.7,49.0,COMPLETED
PH0220,16-01-2025,PRD016,M05,S3,2168,25,10.43,38.32,209.77,251.0,3,3.94,3.31,0.0115,0.9,2,24.5,39.1,COMPLETED
PH0221,19-02-2025,PRD016,M04,S1,3127,30,18.02,33.55,343.77,315.2,4,3.6,1.2,0.0096,1.38,1,23.7,43.7,COMPLETED
PH0222,16-05-2025,PRD001,M01,S3,2955,40,16.79,18.46,420.55,446.1,1,3.96,0.61,0.0135,0.42,0,24.3,44.7,COMPLETED
PH0223,22-03-2025,PRD040,M03,S3,1458,31,18.28,26.55,227.79,462.8,4,4.27,3.66,0.0213,2.82,1,28.8,63.4,COMPLETED
PH0224,17-01-2025,PRD035,M04,S1,1143,25,5.8,6.14,457.62,160.3,4,1.27,2.48,0.0219,1.5,2,25.0,47.9,COMPLETED
PH0225,19-03-2025,PRD038,M05,S3,518,13,12.24,26.33,384.44,326.0,4,0.84,0.36,0.0251,2.68,0,25.4,61.7,COMPLETED
PH0226,17-03-2025,PRD011,M04,S2,3057,70,16.43,21.3,371.09,369.4,4,1.72,1.83,0.0229,1.5,0,21.0,62.0,COMPLETED
PH0227,17-04-2025,PRD014,M02,S2,621,6,11.56,10.39,258.05,198.2,3,1.22,2.41,0.0097,1.61,1,26.8,36.9,COMPLETED
PH0228,26-01-2025,PRD037,M05,S3,2481,96,9.72,23.4,319.35,265.9,4,2.29,3.17,0.0387,1.63,0,25.7,62.3,COMPLETED
PH0229,05-01-2025,PRD016,M03,S1,2161,52,19.95,10.75,205.79,391.2,4,4.32,0.15,0.0241,0.79,2,20.9,37.8,COMPLETED
PH0230,11-02-2025,PRD039,M05,S1,2933,42,8.77,7.46,300.46,165.9,3,1.1,1.62,0.0143,2.05,2,23.2,58.5,COMPLETED
PH0231,13-03-2025,PRD030,M03,S1,1765,20,5.92,29.74,409.2,94.3,4,1.77,3.58,0.0113,2.01,0,25.0,53.3,COMPLETED
PH0232,22-03-2025,PRD014,M04,S2,740,9,14.53,30.83,407.98,332.3,4,1.84,3.34,0.0122,2.75,1,28.5,61.2,COMPLETED
PH0233,01-01-2025,PRD037,M02,S1,2458,36,13.71,34.85,291.01,234.4,3,1.37,0.57,0.0146,1.21,0,20.9,48.5,COMPLETED
PH0234,18-01-2025,PRD001,M04,S3,2626,37,23.43,10.14,384.93,622.1,2,2.56,1.11,0.0141,2.48,2,26.1,58.7,COMPLETED
PH0235,26-05-2025,PRD016,M02,S3,2177,88,22.85,21.42,254.45,537.6,4,3.27,1.97,0.0404,0.78,1,21.8,57.6,COMPLETED
PH0236,04-04-2025,PRD022,M05,S3,1083,36,7.97,23.01,460.19,128.1,4,4.79,0.64,0.0332,1.03,0,24.6,35.2,COMPLETED
PH0237,10-04-2025,PRD008,M04,S3,3210,54,17.64,17.04,322.79,492.5,3,3.87,2.22,0.0168,1.58,2,26.0,45.2,COMPLETED
PH0238,07-05-2025,PRD033,M03,S1,1141,32,17.04,19.55,300.77,456.5,2,3.78,3.34,0.028,2.73,1,23.7,58.0,COMPLETED
PH0239,02-02-2025,PRD014,M01,S3,2086,64,14.2,35.84,260.57,229.1,1,4.23,1.4,0.0307,0.97,2,29.2,54.0,COMPLETED
PH0240,16-01-2025,PRD039,M04,S2,3642,28,13.04,11.43,388.25,305.9,1,4.5,1.34,0.0077,1.29,0,25.1,62.4,COMPLETED
PH0241,25-02-2025,PRD007,M05,S2,1052,12,12.8,19.55,461.81,302.1,3,0.82,0.7,0.0114,1.93,0,20.1,48.5,COMPLETED
PH0242,12-03-2025,PRD004,M05,S2,3115,54,7.9,17.41,479.06,186.2,4,3.69,0.37,0.0173,1.11,0,22.3,61.9,COMPLETED
PH0243,07-05-2025,PRD030,M02,S2,1525,20,7.91,8.54,438.5,206.7,2,1.22,0.78,0.0131,2.16,1,26.2,56.0,COMPLETED
PH0244,22-01-2025,PRD030,M04,S3,1994,15,22.6,29.99,317.31,631.5,4,0.58,0.73,0.0075,1.04,1,21.7,58.3,COMPLETED
PH0245,23-01-2025,PRD001,M04,S2,1165,15,15.52,37.75,220.05,303.4,4,0.19,2.73,0.0129,1.25,0,26.9,53.1,COMPLETED
PH0246,23-05-2025,PRD016,M05,S2,953,20,18.6,28.89,378.66,309.1,4,3.18,3.09,0.021,2.63,2,25.4,63.7,COMPLETED
PH0247,17-03-2025,PRD005,M05,S1,1364,11,15.07,15.53,392.68,411.2,2,3.85,1.68,0.0081,2.96,0,28.1,41.1,COMPLETED
PH0248,26-04-2025,PRD018,M04,S3,747,1,4.33,29.98,205.86,90.2,4,1.52,1.47,0.0013,2.6,1,29.0,60.8,COMPLETED
PH0249,01-01-2025,PRD030,M05,S1,2885,84,22.49,13.59,258.67,565.3,1,2.96,1.62,0.0291,2.59,1,29.2,46.0,COMPLETED
PH0250,29-03-2025,PRD035,M03,S1,760,26,7.59,7.12,271.61,162.3,2,0.55,1.81,0.0342,0.44,0,20.9,63.8,COMPLETED
PH0251,24-01-2025,PRD020,M05,S3,1264,15,5.8,20.0,431.39,154.3,1,2.6,1.15,0.0119,2.2,1,24.7,49.3,COMPLETED
PH0252,06-04-2025,PRD006,M03,S1,1687,30,5.15,25.39,338.94,105.4,2,3.11,1.94,0.0178,0.3,0,23.7,37.3,COMPLETED
PH0253,16-03-2025,PRD016,M01,S2,2777,16,9.62,18.98,219.41,268.6,2,2.78,2.54,0.0058,0.55,1,25.7,47.4,COMPLETED
PH0254,19-05-2025,PRD034,M04,S2,1565,10,7.39,34.33,470.65,158.1,1,0.36,2.48,0.0064,1.07,2,23.6,48.5,COMPLETED
PH0255,10-01-2025,PRD024,M02,S2,1806,33,8.99,27.51,228.57,184.4,2,4.89,3.96,0.0183,1.55,0,25.8,49.7,COMPLETED
PH0256,07-02-2025,PRD015,M01,S3,3961,97,11.99,23.46,446.5,304.4,2,3.58,3.5,0.0245,2.14,0,21.4,51.2,COMPLETED
PH0257,30-03-2025,PRD034,M05,S1,1209,34,16.71,9.62,277.69,370.6,3,1.04,1.33,0.0281,1.25,0,25.1,64.8,COMPLETED
PH0258,03-01-2025,PRD010,M03,S2,1460,28,14.3,21.5,441.36,333.3,4,1.93,2.19,0.0192,0.76,1,24.2,43.6,COMPLETED
PH0259,30-05-2025,PRD021,M05,S2,1875,37,22.09,24.2,403.51,507.0,4,4.15,2.65,0.0197,0.03,2,29.4,48.5,COMPLETED
PH0260,28-02-2025,PRD004,M05,S3,3541,114,21.15,18.83,207.1,508.2,2,2.26,0.69,0.0322,1.85,2,27.4,54.6,COMPLETED
PH0261,18-03-2025,PRD015,M02,S2,3578,34,20.92,9.48,336.23,547.5,3,2.65,3.04,0.0095,0.72,2,27.1,61.6,COMPLETED
PH0262,08-03-2025,PRD038,M04,S3,1349,23,20.83,24.84,251.48,444.0,3,0.53,3.68,0.017,1.63,0,22.5,61.4,COMPLETED
PH0263,15-04-2025,PRD040,M02,S3,618,4,7.95,35.84,300.45,122.6,3,0.16,0.75,0.0065,2.34,2,21.3,60.4,COMPLETED
PH0264,15-05-2025,PRD001,M04,S1,682,25,4.77,14.93,348.65,127.9,3,1.74,2.31,0.0367,2.22,0,29.2,49.1,COMPLETED
PH0265,25-05-2025,PRD034,M05,S2,2492,24,10.28,29.92,279.67,189.3,1,4.73,3.63,0.0096,1.36,0,29.8,37.7,COMPLETED
PH0266,25-04-2025,PRD036,M04,S2,1387,38,6.03,32.82,256.17,126.2,4,0.34,3.71,0.0274,0.65,2,25.0,57.0,COMPLETED
PH0267,11-01-2025,PRD005,M02,S2,3434,56,17.25,20.3,283.66,300.0,3,4.7,1.61,0.0163,0.85,0,27.5,50.8,COMPLETED
PH0268,08-01-2025,PRD003,M01,S1,3626,94,21.61,25.07,304.52,369.6,1,3.06,0.91,0.0259,1.39,1,25.7,56.9,COMPLETED
PH0269,18-01-2025,PRD004,M05,S3,1769,49,22.81,11.71,447.66,580.7,2,4.97,1.57,0.0277,0.38,0,27.9,39.1,COMPLETED
PH0270,03-01-2025,PRD029,M02,S1,3955,120,8.62,31.61,276.04,188.8,3,2.3,0.43,0.0303,2.32,0,23.7,44.6,COMPLETED
PH0271,18-03-2025,PRD040,M01,S3,2257,28,8.23,25.5,460.14,184.4,3,1.54,3.25,0.0124,0.42,1,27.3,37.1,COMPLETED
PH0272,23-01-2025,PRD004,M01,S2,1826,40,13.39,31.18,359.28,325.1,2,1.58,3.87,0.0219,1.28,0,22.2,64.8,COMPLETED
PH0273,08-04-2025,PRD017,M01,S2,1453,30,8.14,26.74,412.08,191.1,1,0.45,0.32,0.0206,2.53,1,21.4,46.3,COMPLETED
PH0274,16-05-2025,PRD033,M04,S2,3424,53,17.97,11.01,415.14,470.2,2,2.47,0.67,0.0155,0.91,1,28.7,37.7,COMPLETED
PH0275,28-03-2025,PRD031,M05,S1,3106,106,4.07,28.96,288.53,100.7,2,4.88,1.67,0.0341,0.09,1,22.7,39.5,COMPLETED
PH0276,08-05-2025,PRD008,M05,S2,1313,55,9.08,30.22,381.65,196.3,4,1.14,0.09,0.0419,2.4,1,28.9,58.3,COMPLETED
PH0277,20-04-2025,PRD029,M04,S2,1696,22,4.52,20.4,262.91,89.2,3,3.75,1.45,0.013,2.22,2,29.2,59.8,COMPLETED
PH0278,26-05-2025,PRD004,M05,S1,1878,0,17.34,39.42,360.97,357.0,3,3.75,0.5,0.0,1.79,2,25.9,53.9,COMPLETED
PH0279,03-02-2025,PRD038,M02,S2,2632,31,5.15,18.76,349.15,133.0,4,3.16,1.77,0.0118,1.39,0,21.4,41.2,COMPLETED
PH0280,30-05-2025,PRD008,M04,S1,2954,73,4.64,23.75,240.42,73.0,4,0.68,1.76,0.0247,2.29,1,20.5,50.0,COMPLETED
PH0281,30-01-2025,PRD020,M03,S1,3933,110,22.64,27.74,280.59,611.9,3,2.0,1.04,0.028,1.15,1,27.2,54.9,COMPLETED
PH0282,02-04-2025,PRD002,M05,S2,3846,128,22.25,9.63,467.93,408.8,2,2.11,0.73,0.0333,2.48,0,21.2,48.2,COMPLETED
PH0283,31-03-2025,PRD037,M04,S2,3103,4,4.45,16.87,235.01,77.4,3,1.08,2.51,0.0013,0.82,0,27.4,47.1,COMPLETED
PH0284,10-04-2025,PRD020,M03,S3,962,19,12.38,34.38,347.34,297.8,2,1.86,1.75,0.0198,1.91,1,25.1,59.1,COMPLETED
PH0285,18-04-2025,PRD003,M04,S3,2459,11,6.02,25.44,217.97,108.3,4,2.54,2.46,0.0045,0.58,2,21.8,39.6,COMPLETED
PH0286,20-05-2025,PRD002,M01,S3,3753,76,4.66,30.7,220.58,74.5,1,4.15,1.71,0.0203,1.67,0,20.3,62.0,COMPLETED
PH0287,04-04-2025,PRD040,M05,S1,814,20,23.33,22.45,266.62,459.2,3,3.2,1.89,0.0246,0.24,2,28.6,49.3,COMPLETED
PH0288,02-05-2025,PRD002,M03,S2,2220,36,6.05,20.74,325.41,169.2,1,1.56,1.98,0.0162,2.54,0,24.6,43.7,COMPLETED
PH0289,24-01-2025,PRD022,M03,S1,3648,47,14.62,26.73,210.84,344.5,3,4.85,1.97,0.0129,2.41,0,27.0,44.3,COMPLETED
PH0290,24-03-2025,PRD017,M05,S2,1253,33,4.91,24.4,373.29,115.1,2,3.26,0.66,0.0263,2.26,0,22.8,47.7,COMPLETED
PH0291,04-05-2025,PRD015,M05,S2,789,0,14.55,19.64,282.24,336.4,3,2.26,3.09,0.0,1.82,0,29.5,35.3,COMPLETED
PH0292,03-03-2025,PRD029,M04,S1,1937,77,5.85,28.08,241.38,152.9,3,1.72,2.64,0.0398,0.66,0,20.1,48.4,COMPLETED
PH0293,08-02-2025,PRD022,M04,S2,3284,55,20.91,18.43,421.23,330.7,2,2.4,1.5,0.0167,1.4,1,21.4,43.8,COMPLETED
PH0294,14-01-2025,PRD018,M02,S3,1847,26,8.42,27.05,305.23,132.9,2,2.8,2.43,0.0141,2.4,0,22.5,51.9,COMPLETED
PH0295,16-03-2025,PRD020,M01,S3,3427,65,23.18,18.08,467.29,433.6,3,2.34,2.2,0.019,0.19,0,21.0,39.9,COMPLETED
PH0296,18-04-2025,PRD002,M02,S1,3862,16,13.79,24.13,259.32,281.8,4,3.95,2.79,0.0041,0.84,2,27.6,64.0,COMPLETED
PH0297,13-04-2025,PRD040,M03,S2,2783,10,14.83,7.3,222.82,333.7,1,4.18,3.77,0.0036,2.83,0,29.8,39.5,COMPLETED
PH0298,28-03-2025,PRD025,M01,S2,605,10,22.33,34.55,463.1,494.0,2,1.68,3.07,0.0165,2.26,2,24.4,36.3,COMPLETED
PH0299,02-05-2025,PRD011,M05,S3,2427,38,22.95,18.46,291.86,574.1,3,1.78,1.78,0.0157,2.17,0,23.2,35.5,COMPLETED
PH0300,06-03-2025,PRD032,M05,S3,2343,79,16.36,12.82,301.69,334.1,3,2.74,2.55,0.0337,2.26,2,22.7,61.5,COMPLETED
PH0301,20-01-2025,PRD019,M04,S2,3562,132,18.7,17.91,445.27,442.1,1,3.33,1.52,0.0371,2.71,2,22.6,50.4,COMPLETED
PH0302,22-05-2025,PRD023,M05,S3,854,22,23.09,22.49,466.43,460.5,1,2.27,1.83,0.0258,2.75,1,26.9,63.4,COMPLETED
PH0303,04-02-2025,PRD014,M05,S3,3351,69,12.26,14.45,265.93,332.1,3,4.8,0.06,0.0206,0.41,2,28.5,53.3,COMPLETED
PH0304,11-02-2025,PRD034,M03,S3,2593,67,9.52,10.19,370.19,262.7,1,4.46,3.58,0.0258,0.66,2,26.9,60.9,COMPLETED
PH0305,08-04-2025,PRD005,M03,S2,3201,101,8.46,18.7,389.49,188.0,2,0.6,0.9,0.0316,2.66,2,26.9,35.3,COMPLETED
PH0306,29-05-2025,PRD012,M04,S1,2749,68,8.56,11.63,223.39,199.5,2,2.59,2.1,0.0247,1.82,1,25.9,50.6,COMPLETED
PH0307,06-04-2025,PRD007,M05,S1,3888,95,12.2,20.62,231.79,211.4,3,3.31,2.06,0.0244,1.83,1,28.1,46.2,COMPLETED
PH0308,20-01-2025,PRD030,M04,S3,2129,59,19.57,9.75,220.94,319.3,3,4.64,2.8,0.0277,1.34,2,20.9,59.6,COMPLETED
PH0309,28-02-2025,PRD008,M01,S1,3374,69,20.89,32.72,434.44,496.5,4,1.76,2.61,0.0205,2.49,1,28.6,64.5,COMPLETED
PH0310,23-04-2025,PRD034,M04,S3,3748,59,23.47,36.95,211.55,532.2,2,4.08,0.51,0.0157,1.58,1,25.0,46.9,COMPLETED
PH0311,03-05-2025,PRD040,M05,S2,3963,7,6.78,15.78,278.09,184.0,2,4.4,2.43,0.0018,0.96,1,25.7,51.2,COMPLETED
PH0312,12-03-2025,PRD007,M02,S3,956,17,16.82,10.93,477.16,342.2,1,0.88,3.73,0.0178,0.24,2,29.6,56.8,COMPLETED
PH0313,27-03-2025,PRD010,M04,S1,601,14,6.29,28.88,221.66,138.6,4,2.87,0.07,0.0233,1.13,2,29.7,41.5,COMPLETED
PH0314,05-01-2025,PRD007,M04,S3,2858,70,10.71,12.27,348.54,257.3,1,0.24,3.01,0.0245,0.34,2,25.2,51.7,COMPLETED
PH0315,01-03-2025,PRD006,M03,S3,3830,51,5.02,32.35,435.57,81.2,3,1.29,2.57,0.0133,1.26,2,24.2,50.2,COMPLETED
PH0316,21-02-2025,PRD012,M01,S1,1858,55,4.12,39.16,215.35,64.1,2,4.88,3.38,0.0296,0.42,2,26.4,55.9,COMPLETED
PH0317,23-03-2025,PRD031,M04,S1,2639,57,17.09,17.68,342.47,395.5,2,4.33,3.68,0.0216,2.08,0,28.9,41.1,COMPLETED
PH0318,24-01-2025,PRD036,M01,S2,2030,48,6.99,16.18,222.42,161.0,3,2.6,1.78,0.0236,2.54,2,24.2,48.3,COMPLETED
PH0319,25-04-2025,PRD024,M01,S3,3626,97,21.02,21.34,453.64,461.9,4,2.38,0.78,0.0268,1.41,1,28.9,61.6,COMPLETED
PH0320,15-03-2025,PRD024,M03,S2,3536,0,22.97,18.29,259.42,626.4,3,2.33,1.65,0.0,0.25,1,22.0,43.7,COMPLETED
PH0321,11-04-2025,PRD023,M01,S2,787,23,4.2,21.75,254.18,111.7,3,2.15,1.41,0.0292,1.63,1,20.8,57.2,COMPLETED
PH0322,05-04-2025,PRD008,M01,S2,1853,43,15.38,29.44,424.23,336.1,2,3.48,1.92,0.0232,1.77,0,24.4,47.5,COMPLETED
PH0323,15-02-2025,PRD029,M04,S2,1531,45,13.53,13.28,204.92,239.1,4,1.41,0.47,0.0294,2.01,2,20.3,48.1,COMPLETED
PH0324,18-02-2025,PRD030,M04,S2,1689,24,21.06,36.24,386.98,536.7,4,3.47,0.9,0.0142,0.61,1,29.4,51.5,COMPLETED
PH0325,08-03-2025,PRD003,M02,S1,2383,105,21.92,9.86,217.37,363.5,2,3.36,2.13,0.0441,2.21,1,21.0,42.7,COMPLETED
PH0326,31-03-2025,PRD012,M02,S2,2976,31,22.94,10.95,462.82,409.8,2,0.17,1.19,0.0104,0.6,1,22.2,52.2,COMPLETED
PH0327,07-03-2025,PRD032,M01,S3,1956,62,23.53,6.63,476.61,478.3,4,2.39,2.31,0.0317,0.03,2,24.5,58.1,COMPLETED
PH0328,28-01-2025,PRD026,M05,S3,1017,22,16.15,18.27,283.42,322.7,2,0.99,0.25,0.0216,0.01,2,25.3,42.5,COMPLETED
PH0329,01-04-2025,PRD023,M04,S3,1368,20,4.03,39.37,344.71,102.5,2,4.29,3.98,0.0146,2.58,2,25.6,63.9,COMPLETED
PH0330,14-02-2025,PRD023,M04,S3,3191,55,16.27,29.54,364.72,315.7,4,3.17,3.92,0.0172,2.75,0,22.1,60.3,COMPLETED
PH0331,18-01-2025,PRD001,M04,S2,3521,40,16.06,27.45,309.17,392.0,4,1.23,0.14,0.0114,2.51,2,26.6,48.1,COMPLETED
PH0332,10-01-2025,PRD040,M01,S3,1059,26,8.29,27.6,359.77,171.0,2,3.77,2.73,0.0246,1.8,2,27.0,41.8,COMPLETED
PH0333,14-05-2025,PRD011,M01,S1,537,8,23.19,7.37,307.29,394.5,3,4.08,1.92,0.0149,1.86,2,20.8,58.5,COMPLETED
PH0334,31-03-2025,PRD005,M05,S3,2626,42,18.48,29.82,455.51,305.4,3,4.44,1.19,0.016,2.15,2,22.6,42.1,COMPLETED
PH0335,22-02-2025,PRD026,M02,S1,2346,66,23.04,7.16,206.42,368.0,1,0.01,3.71,0.0281,1.42,1,24.2,64.9,COMPLETED
PH0336,14-04-2025,PRD005,M03,S1,3787,80,22.95,22.83,446.09,443.9,1,3.09,1.95,0.0211,1.5,1,21.7,62.2,COMPLETED
PH0337,11-02-2025,PRD019,M01,S1,1733,45,4.9,17.32,363.59,125.8,3,1.55,1.2,0.026,2.21,0,29.0,58.7,COMPLETED
PH0338,02-02-2025,PRD037,M05,S2,1738,27,15.7,12.46,274.51,317.3,4,1.61,1.14,0.0155,0.74,1,26.9,44.2,COMPLETED
PH0339,19-02-2025,PRD028,M05,S3,2487,36,23.09,10.99,289.76,582.8,3,3.91,0.28,0.0145,2.89,1,29.0,41.1,COMPLETED
PH0340,09-05-2025,PRD036,M03,S1,2041,70,8.55,10.75,443.74,187.2,4,1.31,3.74,0.0343,2.81,1,26.7,44.6,COMPLETED
PH0341,03-03-2025,PRD010,M03,S2,3748,80,10.68,19.3,303.33,252.9,4,2.74,3.57,0.0213,0.67,0,25.4,59.5,COMPLETED
PH0342,01-03-2025,PRD014,M05,S3,3507,67,8.83,30.69,467.31,165.2,1,0.11,2.67,0.0191,1.64,0,21.3,41.0,COMPLETED
PH0343,25-02-2025,PRD027,M01,S2,3768,123,5.05,6.55,273.05,94.8,1,0.52,0.46,0.0326,0.5,2,28.1,40.4,COMPLETED
PH0344,19-04-2025,PRD028,M04,S3,1317,25,9.38,10.41,322.96,159.5,2,1.7,2.64,0.019,0.35,0,22.8,60.8,COMPLETED
PH0345,26-05-2025,PRD011,M04,S1,1162,26,20.08,13.56,237.2,512.2,3,4.21,2.94,0.0224,0.7,1,29.7,49.3,COMPLETED
PH0346,21-03-2025,PRD040,M05,S1,2867,71,7.85,37.51,438.94,197.9,4,3.94,2.31,0.0248,1.95,2,28.2,57.5,COMPLETED
PH0347,03-04-2025,PRD024,M02,S2,1482,30,18.36,25.23,434.72,324.4,4,2.63,0.51,0.0202,1.98,1,26.2,51.6,COMPLETED
PH0348,25-04-2025,PRD028,M02,S3,2739,69,18.43,6.78,342.44,452.9,3,2.96,3.65,0.0252,2.62,1,20.8,50.3,COMPLETED
PH0349,27-01-2025,PRD025,M03,S3,1236,20,15.94,21.9,272.16,434.5,2,1.59,0.22,0.0162,0.18,2,21.2,46.8,COMPLETED
PH0350,31-01-2025,PRD003,M01,S1,2464,43,15.96,39.63,477.73,325.9,1,3.41,1.47,0.0175,2.33,1,26.0,41.0,COMPLETED
PH0351,09-04-2025,PRD017,M01,S3,2621,32,18.2,22.39,282.74,414.1,3,0.57,2.39,0.0122,0.31,1,27.4,40.4,COMPLETED
PH0352,16-05-2025,PRD029,M04,S3,3040,43,10.71,23.77,364.02,213.1,1,1.22,3.5,0.0141,2.88,1,23.3,45.3,COMPLETED
PH0353,02-03-2025,PRD009,M01,S3,840,21,20.65,16.75,417.5,431.4,1,1.74,3.57,0.025,1.36,1,26.3,54.7,COMPLETED
PH0354,09-01-2025,PRD020,M04,S3,1761,17,9.82,21.79,260.68,225.6,2,0.49,0.11,0.0097,2.28,2,23.2,44.7,COMPLETED
PH0355,27-04-2025,PRD023,M01,S2,1204,26,7.53,34.08,414.02,129.3,1,3.79,2.64,0.0216,2.95,0,23.9,53.6,COMPLETED
PH0356,17-04-2025,PRD019,M04,S1,3109,91,20.55,15.76,469.74,391.2,3,1.0,3.71,0.0293,2.37,0,24.4,62.2,COMPLETED
PH0357,17-03-2025,PRD010,M01,S1,1054,30,14.28,10.93,232.09,286.7,1,1.16,2.3,0.0285,1.57,2,20.1,54.3,COMPLETED
PH0358,25-01-2025,PRD033,M04,S1,2208,24,23.23,32.1,293.47,605.2,1,2.61,2.77,0.0109,1.29,1,28.8,40.0,COMPLETED
PH0359,19-04-2025,PRD017,M03,S1,1098,23,12.51,36.14,252.16,188.0,3,2.89,1.75,0.0209,0.16,2,22.4,42.8,COMPLETED
PH0360,14-02-2025,PRD036,M04,S3,1566,0,9.31,38.32,416.78,190.9,4,1.57,0.33,0.0,1.29,2,25.6,45.5,COMPLETED
PH0361,03-03-2025,PRD017,M04,S3,1320,21,15.51,27.4,349.19,307.5,4,3.69,0.44,0.0159,2.68,0,22.2,43.2,COMPLETED
PH0362,12-02-2025,PRD034,M05,S3,1441,4,10.86,28.32,365.66,303.8,4,1.75,0.8,0.0028,1.39,0,28.4,41.3,COMPLETED
PH0363,17-01-2025,PRD039,M02,S1,1889,24,22.11,23.74,390.67,345.9,4,1.97,3.08,0.0127,0.33,0,23.1,45.6,COMPLETED
PH0364,28-04-2025,PRD004,M04,S3,773,9,9.06,6.47,345.04,222.0,1,1.84,0.6,0.0116,0.09,2,23.3,50.4,COMPLETED
PH0365,04-04-2025,PRD037,M05,S1,2257,9,21.35,35.34,440.15,431.6,4,1.73,0.83,0.004,0.69,0,29.6,53.2,COMPLETED
PH0366,03-04-2025,PRD028,M03,S1,1348,31,8.22,9.17,226.19,214.2,4,4.7,1.99,0.023,2.07,1,28.3,61.2,COMPLETED
PH0367,18-03-2025,PRD007,M04,S1,2704,73,7.1,28.13,301.59,195.5,1,4.08,2.9,0.027,2.07,2,20.8,48.0,COMPLETED
PH0368,06-01-2025,PRD040,M05,S2,829,9,19.88,16.87,460.23,539.8,3,3.08,0.58,0.0109,1.32,0,29.0,37.2,COMPLETED
PH0369,01-05-2025,PRD038,M04,S3,3310,29,9.02,20.71,250.35,137.7,3,0.31,2.65,0.0088,0.06,2,26.8,40.2,COMPLETED
PH0370,15-02-2025,PRD007,M02,S1,610,8,8.52,10.29,332.18,141.9,4,3.62,2.62,0.0131,1.15,0,29.3,58.6,COMPLETED
PH0371,06-01-2025,PRD025,M01,S2,3124,57,14.91,39.69,466.45,245.4,1,4.9,3.02,0.0182,2.05,2,23.3,47.0,COMPLETED
PH0372,16-05-2025,PRD015,M05,S3,863,6,20.2,36.09,261.37,481.4,4,4.3,1.93,0.007,1.87,0,28.5,50.2,COMPLETED
PH0373,19-03-2025,PRD021,M01,S2,3582,4,20.1,7.01,297.46,414.5,3,0.49,3.01,0.0011,1.57,1,26.3,45.2,COMPLETED
PH0374,01-01-2025,PRD004,M04,S3,1128,22,5.74,20.97,409.44,131.2,3,2.96,1.93,0.0195,2.39,0,22.6,56.6,COMPLETED
PH0375,10-05-2025,PRD026,M04,S2,2219,42,7.75,34.7,372.72,174.5,2,2.63,0.31,0.0189,1.04,0,21.3,62.6,COMPLETED
PH0376,03-04-2025,PRD008,M01,S3,2879,80,21.27,34.11,293.3,446.8,3,3.04,0.02,0.0278,2.33,2,23.6,43.3,COMPLETED
PH0377,26-04-2025,PRD034,M04,S3,3943,84,9.59,36.52,442.95,256.2,1,0.21,0.2,0.0213,1.65,2,21.1,42.8,COMPLETED
PH0378,26-01-2025,PRD018,M04,S3,2850,45,5.26,32.06,337.37,100.3,3,4.0,0.42,0.0158,2.42,1,25.7,53.6,COMPLETED
PH0379,12-01-2025,PRD036,M05,S3,2637,24,14.21,34.44,478.77,352.8,3,3.95,2.8,0.0091,2.3,0,24.2,51.7,COMPLETED
PH0380,06-02-2025,PRD005,M03,S2,2590,75,21.11,34.15,432.5,534.4,3,1.28,3.42,0.029,0.84,2,27.2,38.3,COMPLETED
PH0381,02-03-2025,PRD022,M05,S1,1256,8,4.31,9.89,459.14,78.1,3,3.65,3.25,0.0064,2.22,2,27.4,63.8,COMPLETED
PH0382,05-01-2025,PRD028,M02,S2,2985,50,23.95,13.08,285.56,411.5,3,2.86,0.99,0.0168,0.4,2,28.7,36.9,COMPLETED
PH0383,12-05-2025,PRD026,M04,S2,2158,28,20.73,7.29,320.48,332.8,4,2.03,2.24,0.013,1.78,1,29.2,44.3,COMPLETED
PH0384,19-05-2025,PRD017,M04,S2,2994,14,5.68,26.98,314.03,110.8,4,1.4,0.14,0.0047,2.33,1,20.9,44.8,COMPLETED
PH0385,15-04-2025,PRD024,M04,S2,1199,35,12.03,10.67,238.63,260.2,3,1.92,3.65,0.0292,1.53,1,28.6,58.9,COMPLETED
PH0386,09-03-2025,PRD002,M04,S2,2345,54,15.35,9.94,350.31,400.2,3,0.34,0.13,0.023,2.58,1,22.2,50.8,COMPLETED
PH0387,27-04-2025,PRD032,M03,S1,2191,63,18.97,8.18,277.6,347.9,3,4.46,2.14,0.0288,2.53,1,28.1,51.5,COMPLETED
PH0388,29-03-2025,PRD016,M03,S1,2802,50,22.37,36.88,220.37,602.2,4,3.41,3.29,0.0178,0.72,0,21.1,57.7,COMPLETED
PH0389,03-02-2025,PRD018,M01,S2,3880,80,5.94,38.56,395.9,139.5,4,1.66,3.98,0.0206,0.67,0,23.2,57.2,COMPLETED
PH0390,27-01-2025,PRD016,M02,S2,1594,35,17.0,11.07,383.3,339.2,1,0.4,3.9,0.022,2.08,1,21.0,46.0,COMPLETED
PH0391,09-03-2025,PRD004,M01,S2,1919,48,22.44,18.72,265.74,374.5,3,0.73,3.4,0.025,1.44,1,22.3,44.5,COMPLETED
PH0392,30-04-2025,PRD027,M03,S2,2090,58,4.9,39.86,386.63,77.0,3,1.81,3.19,0.0278,2.85,2,20.3,63.9,COMPLETED
PH0393,14-03-2025,PRD007,M01,S1,2368,77,7.4,10.65,280.23,142.3,3,1.59,0.69,0.0325,2.91,0,29.8,38.1,COMPLETED
PH0394,30-04-2025,PRD017,M01,S1,2375,13,16.7,9.17,436.26,356.8,2,2.52,0.16,0.0055,0.65,1,30.0,51.6,COMPLETED
PH0395,02-02-2025,PRD004,M05,S1,1730,43,20.12,24.59,466.5,399.3,1,4.32,1.87,0.0249,2.55,1,24.6,40.3,COMPLETED
PH0396,16-05-2025,PRD005,M01,S1,1511,49,11.77,23.23,224.39,315.7,4,0.69,0.03,0.0324,2.96,0,24.1,40.9,COMPLETED
PH0397,29-04-2025,PRD005,M01,S2,1581,17,11.08,18.39,232.85,240.7,4,2.12,2.92,0.0108,0.58,2,25.8,57.3,COMPLETED
PH0398,21-01-2025,PRD019,M03,S1,3265,32,22.33,18.86,453.22,540.8,4,2.77,0.08,0.0098,1.68,1,27.8,64.7,COMPLETED
PH0399,08-03-2025,PRD018,M01,S3,1879,10,15.79,28.53,360.63,438.6,1,0.22,1.64,0.0053,2.63,0,25.7,50.7,COMPLETED
PH0400,26-01-2025,PRD011,M05,S2,3713,75,17.86,24.62,385.58,314.4,1,2.75,0.01,0.0202,2.15,0,21.6,62.9,COMPLETED
PH0401,05-02-2025,PRD035,M04,S2,3425,27,19.5,27.31,325.8,498.7,4,3.52,1.89,0.0079,1.5,0,27.9,61.3,COMPLETED
PH0402,04-02-2025,PRD011,M01,S1,891,29,7.56,31.04,334.64,164.6,1,0.69,2.31,0.0325,1.13,0,28.0,64.2,COMPLETED
PH0403,20-01-2025,PRD033,M03,S2,2264,36,17.91,21.21,440.07,420.5,2,0.85,1.64,0.0159,2.03,0,23.5,55.1,COMPLETED
PH0404,09-05-2025,PRD012,M01,S2,3666,113,19.37,19.49,463.35,471.9,1,2.75,1.09,0.0308,2.5,0,27.8,49.8,COMPLETED
PH0405,12-05-2025,PRD013,M04,S3,2217,46,18.35,15.71,297.68,500.5,4,3.68,0.29,0.0207,1.37,2,22.3,64.8,COMPLETED
PH0406,01-03-2025,PRD019,M01,S3,1599,42,6.65,18.79,377.57,128.9,2,2.75,3.81,0.0263,2.61,1,21.1,52.1,COMPLETED
PH0407,25-03-2025,PRD027,M05,S1,1520,65,12.3,36.77,245.8,191.1,2,4.5,3.58,0.0428,1.25,2,28.5,42.6,COMPLETED
PH0408,24-04-2025,PRD022,M04,S3,3080,18,22.92,38.88,336.28,366.4,4,2.61,0.56,0.0058,2.2,2,26.9,39.2,COMPLETED
PH0409,31-03-2025,PRD011,M03,S3,2942,62,6.69,17.97,342.13,126.5,4,3.06,0.03,0.0211,2.45,1,27.8,44.1,COMPLETED
PH0410,07-05-2025,PRD029,M04,S2,1778,32,18.18,34.68,432.68,327.3,4,1.34,2.51,0.018,1.1,1,27.9,63.1,COMPLETED
PH0411,22-05-2025,PRD012,M03,S3,2386,19,14.5,16.86,256.92,233.2,3,3.56,0.89,0.008,1.49,0,26.7,40.1,COMPLETED
PH0412,14-05-2025,PRD014,M04,S3,1251,20,5.55,10.82,461.57,103.5,3,1.07,1.44,0.016,2.51,0,21.5,35.5,COMPLETED
PH0413,02-02-2025,PRD035,M05,S1,3445,40,21.99,23.79,370.94,506.0,1,2.61,3.08,0.0116,2.72,1,28.4,35.3,COMPLETED
PH0414,07-04-2025,PRD033,M03,S3,2614,74,7.21,10.63,279.75,185.3,2,3.01,0.27,0.0283,1.78,0,22.5,39.7,COMPLETED
PH0415,09-03-2025,PRD019,M03,S1,3802,72,22.72,27.01,341.98,505.3,2,2.36,2.25,0.0189,1.71,1,27.9,46.7,COMPLETED
PH0416,15-03-2025,PRD033,M01,S1,2750,63,19.6,14.57,381.17,548.4,1,2.61,1.22,0.0229,2.37,0,23.2,57.0,COMPLETED
PH0417,03-05-2025,PRD007,M03,S1,2076,41,7.01,7.14,438.97,139.3,1,2.94,0.34,0.0197,2.72,0,20.9,54.0,COMPLETED
PH0418,17-03-2025,PRD005,M02,S1,1736,29,14.16,27.06,241.0,351.3,1,3.5,0.73,0.0167,1.34,0,25.6,54.4,COMPLETED
PH0419,10-01-2025,PRD032,M02,S2,1850,27,23.52,16.87,209.01,571.7,4,1.26,3.07,0.0146,0.02,1,20.7,61.4,COMPLETED
PH0420,27-04-2025,PRD003,M04,S3,1065,22,14.1,35.89,349.05,312.4,2,3.64,0.2,0.0207,2.9,0,26.1,60.4,COMPLETED
PH0421,14-05-2025,PRD032,M05,S1,2072,31,8.51,6.54,431.55,187.2,2,2.96,1.97,0.015,0.37,1,22.9,61.8,COMPLETED
PH0422,07-03-2025,PRD032,M04,S1,1069,13,14.97,8.78,219.47,253.2,1,4.15,2.43,0.0122,0.05,2,23.2,47.0,COMPLETED
PH0423,04-02-2025,PRD012,M02,S2,3321,75,15.76,14.99,392.23,395.7,1,3.06,3.96,0.0226,1.93,0,26.4,59.2,COMPLETED
PH0424,26-04-2025,PRD034,M02,S1,2020,13,15.53,18.74,476.6,354.7,2,2.54,3.12,0.0064,2.42,1,26.4,35.1,COMPLETED
PH0425,18-04-2025,PRD035,M03,S3,694,19,4.54,38.33,218.99,76.9,4,3.14,1.85,0.0274,2.26,0,20.0,54.3,COMPLETED
PH0426,05-04-2025,PRD035,M05,S3,3482,52,10.95,10.06,410.42,253.6,2,1.5,3.15,0.0149,2.37,1,24.9,38.7,COMPLETED
PH0427,26-03-2025,PRD019,M01,S3,3095,63,9.89,17.67,232.79,192.4,3,0.85,2.16,0.0204,1.18,2,23.8,41.4,COMPLETED
PH0428,06-05-2025,PRD036,M01,S1,1383,20,16.52,27.08,440.29,302.1,4,0.84,0.88,0.0145,1.11,1,27.1,60.0,COMPLETED
PH0429,14-03-2025,PRD013,M02,S2,854,18,17.81,19.84,295.5,434.6,4,0.47,2.17,0.0211,0.18,1,25.7,36.8,COMPLETED
PH0430,04-04-2025,PRD030,M03,S3,1173,14,22.27,16.7,208.21,593.9,3,3.98,1.43,0.0119,0.24,2,29.7,49.8,COMPLETED
PH0431,15-05-2025,PRD015,M03,S3,3258,87,23.17,24.91,252.71,352.4,3,2.76,2.38,0.0267,0.3,0,24.3,48.1,COMPLETED
PH0432,23-03-2025,PRD035,M05,S2,1535,32,10.89,12.1,242.63,296.5,4,1.1,1.36,0.0208,1.97,0,23.8,35.6,COMPLETED
PH0433,15-05-2025,PRD021,M03,S3,692,16,10.85,10.16,219.47,285.1,4,3.74,2.51,0.0231,1.49,2,24.9,45.9,COMPLETED
PH0434,10-03-2025,PRD015,M03,S2,1236,32,8.23,39.01,477.39,203.9,2,0.52,0.49,0.0259,0.28,2,20.6,57.4,COMPLETED
PH0435,01-05-2025,PRD003,M05,S3,3894,96,20.35,34.01,357.89,329.3,3,2.0,2.19,0.0247,2.23,2,28.7,42.5,COMPLETED
PH0436,14-02-2025,PRD036,M05,S2,902,27,6.64,31.82,441.44,126.6,1,5.0,3.88,0.0299,2.27,0,23.9,39.0,COMPLETED
PH0437,03-03-2025,PRD017,M03,S3,1473,34,22.08,29.8,394.28,603.1,1,2.6,1.27,0.0231,2.73,2,20.2,44.9,COMPLETED
PH0438,28-05-2025,PRD026,M02,S3,889,27,4.49,29.68,229.93,119.2,1,1.78,3.24,0.0304,1.95,1,27.5,61.3,COMPLETED
PH0439,16-01-2025,PRD033,M05,S3,1819,36,17.04,25.23,469.76,366.6,3,1.11,1.83,0.0198,1.24,1,25.8,63.4,COMPLETED
PH0440,12-03-2025,PRD027,M02,S3,3891,97,7.66,15.53,454.61,194.7,3,2.92,1.11,0.0249,1.89,0,21.7,45.6,COMPLETED
PH0441,02-03-2025,PRD016,M03,S2,630,7,20.19,27.76,452.86,510.3,1,0.22,0.34,0.0111,1.98,2,29.7,35.1,COMPLETED
PH0442,19-04-2025,PRD008,M02,S2,3411,64,13.29,22.45,439.01,278.8,1,4.74,1.05,0.0188,0.82,2,29.4,47.7,COMPLETED
PH0443,12-02-2025,PRD001,M05,S2,3571,118,18.55,13.92,233.5,338.4,3,2.67,3.42,0.033,1.59,0,20.6,46.2,COMPLETED
PH0444,08-05-2025,PRD017,M03,S2,3306,113,19.7,17.51,461.53,503.9,4,1.31,0.03,0.0342,1.85,2,24.9,58.4,COMPLETED
PH0445,27-04-2025,PRD004,M02,S2,868,18,7.17,37.02,251.32,161.2,1,0.03,0.63,0.0207,1.5,2,25.4,40.5,COMPLETED
PH0446,07-01-2025,PRD011,M04,S1,3539,74,5.27,22.88,231.13,107.1,2,0.21,1.01,0.0209,2.48,2,24.1,42.1,COMPLETED
PH0447,27-03-2025,PRD038,M01,S1,1753,23,23.26,32.73,277.4,646.3,4,0.57,3.44,0.0131,2.1,0,25.5,35.4,COMPLETED
PH0448,27-01-2025,PRD029,M03,S3,2537,60,20.49,37.65,349.45,486.9,1,4.99,3.43,0.0236,2.85,0,27.8,44.7,COMPLETED
PH0449,23-03-2025,PRD009,M03,S2,739,17,11.4,30.75,375.19,207.5,1,3.67,1.24,0.023,0.75,2,21.6,44.8,COMPLETED
PH0450,04-03-2025,PRD023,M02,S1,576,16,13.34,34.21,250.53,256.9,1,0.38,1.42,0.0278,1.5,0,27.5,57.9,COMPLETED
PH0451,07-01-2025,PRD037,M02,S3,3997,47,13.94,26.04,367.41,297.2,1,4.91,2.04,0.0118,2.81,2,24.4,39.0,COMPLETED
PH0452,29-05-2025,PRD033,M02,S2,1754,37,23.23,11.77,205.62,599.3,1,3.76,1.33,0.0211,0.48,1,22.6,36.5,COMPLETED
PH0453,13-02-2025,PRD016,M04,S1,2146,62,4.95,36.49,234.48,116.5,2,1.2,3.38,0.0289,0.03,2,29.6,38.4,COMPLETED
PH0454,05-03-2025,PRD027,M04,S1,3043,70,5.21,34.33,453.37,86.8,2,4.17,2.31,0.023,2.35,2,20.4,49.9,COMPLETED
PH0455,15-04-2025,PRD039,M02,S3,2824,35,8.44,12.44,253.19,181.4,2,1.55,3.11,0.0124,2.68,1,21.9,64.9,COMPLETED
PH0456,15-03-2025,PRD002,M01,S1,2423,10,22.75,17.05,468.25,629.0,1,3.96,2.96,0.0041,2.86,2,22.2,59.3,COMPLETED
PH0457,14-05-2025,PRD005,M01,S2,841,34,10.42,24.86,377.38,248.1,2,0.6,2.24,0.0404,1.9,1,29.6,42.1,COMPLETED
PH0458,16-05-2025,PRD012,M02,S1,2893,26,18.87,34.85,202.99,498.6,1,4.85,1.72,0.009,2.56,0,22.0,50.8,COMPLETED
PH0459,24-04-2025,PRD003,M01,S3,1815,3,17.61,10.04,475.51,342.9,4,3.16,1.09,0.0017,2.48,1,23.9,35.1,COMPLETED
PH0460,26-02-2025,PRD027,M03,S1,1377,18,19.66,38.37,309.13,464.0,2,4.55,1.3,0.0131,0.99,1,23.7,49.9,COMPLETED
PH0461,07-04-2025,PRD036,M03,S1,1148,29,5.65,38.42,420.02,154.7,3,2.0,3.03,0.0253,1.95,1,20.4,37.2,COMPLETED
PH0462,03-04-2025,PRD017,M01,S1,3123,42,16.94,12.53,417.73,279.1,2,1.92,2.91,0.0134,0.51,2,23.1,49.9,COMPLETED
PH0463,05-03-2025,PRD020,M02,S1,3220,16,22.47,20.34,322.94,505.6,3,3.91,0.28,0.005,2.11,2,24.4,35.4,COMPLETED
PH0464,17-05-2025,PRD037,M02,S1,3793,110,4.27,37.82,441.65,89.6,1,2.92,3.27,0.029,0.86,0,21.7,62.1,COMPLETED
PH0465,28-02-2025,PRD031,M02,S2,2227,26,22.88,9.51,322.2,545.2,4,2.04,1.4,0.0117,2.09,0,22.8,48.3,COMPLETED
PH0466,01-04-2025,PRD011,M04,S1,2694,37,9.2,9.9,435.25,236.1,3,2.86,0.55,0.0137,1.34,1,24.8,48.8,COMPLETED
PH0467,13-03-2025,PRD010,M05,S1,3430,91,21.25,28.85,429.69,378.4,4,0.53,2.46,0.0265,1.65,1,26.1,40.5,COMPLETED
PH0468,15-01-2025,PRD038,M01,S3,3948,132,10.6,9.33,456.68,288.9,2,2.18,2.58,0.0334,0.33,0,25.4,41.6,COMPLETED
PH0469,18-04-2025,PRD010,M01,S2,736,18,9.25,22.58,461.02,197.0,2,2.51,1.97,0.0245,2.57,0,20.3,38.5,COMPLETED
PH0470,13-04-2025,PRD004,M03,S3,3160,14,14.06,27.84,312.22,337.7,3,3.12,3.06,0.0044,2.87,1,26.4,45.5,COMPLETED
PH0471,23-05-2025,PRD029,M01,S3,915,48,7.05,29.01,324.56,117.9,2,2.81,3.96,0.0525,0.15,2,29.4,63.8,COMPLETED
PH0472,19-03-2025,PRD014,M02,S1,1100,27,10.37,22.41,366.87,259.1,4,4.46,2.94,0.0245,1.56,1,21.2,59.1,COMPLETED
PH0473,17-05-2025,PRD029,M02,S2,3533,55,5.68,32.77,263.53,129.0,1,1.52,1.91,0.0156,2.4,0,20.3,37.3,COMPLETED
PH0474,13-02-2025,PRD023,M01,S3,2106,52,12.25,29.73,446.36,219.0,2,4.89,2.5,0.0247,2.21,2,24.8,37.2,COMPLETED
PH0475,17-05-2025,PRD039,M04,S3,1972,46,5.31,22.93,458.94,82.5,2,3.06,3.34,0.0233,1.14,1,24.4,37.0,COMPLETED
PH0476,02-04-2025,PRD003,M03,S3,811,23,10.2,33.29,364.37,277.0,1,3.62,1.22,0.0284,1.33,2,27.5,56.7,COMPLETED
PH0477,26-05-2025,PRD028,M02,S1,3574,29,4.63,32.28,353.13,99.8,1,0.43,3.1,0.0081,0.28,0,28.2,55.8,COMPLETED
PH0478,03-02-2025,PRD016,M01,S3,758,17,16.07,14.39,363.85,316.1,4,3.63,3.37,0.0224,0.59,1,20.9,38.6,COMPLETED
PH0479,09-04-2025,PRD007,M03,S1,2802,50,20.98,30.25,299.82,507.5,1,2.87,2.65,0.0178,0.26,0,23.5,43.1,COMPLETED
PH0480,12-05-2025,PRD030,M02,S2,1365,4,16.92,36.48,466.29,381.6,4,4.53,0.6,0.0029,0.81,2,24.0,53.7,COMPLETED
PH0481,01-04-2025,PRD031,M03,S2,878,20,11.44,29.14,438.57,221.6,4,1.93,2.77,0.0228,1.29,0,28.5,41.0,COMPLETED
PH0482,27-01-2025,PRD025,M02,S3,3537,59,12.63,18.98,251.31,200.6,4,0.22,0.25,0.0167,2.26,2,28.9,56.3,COMPLETED
PH0483,17-03-2025,PRD010,M03,S1,2670,72,20.56,21.18,417.43,570.5,4,1.78,1.28,0.027,0.13,2,22.4,42.6,COMPLETED
PH0484,21-04-2025,PRD029,M04,S3,3085,50,22.89,11.5,347.66,527.0,4,3.28,2.54,0.0162,2.38,1,28.1,64.3,COMPLETED
PH0485,20-03-2025,PRD038,M02,S2,2998,78,17.01,6.25,302.93,457.4,3,3.38,0.07,0.026,1.57,1,28.1,38.4,COMPLETED
PH0486,24-02-2025,PRD037,M04,S2,2992,9,9.49,32.97,422.21,186.9,3,3.32,1.47,0.003,1.04,0,24.5,48.7,COMPLETED
PH0487,07-02-2025,PRD034,M04,S3,843,12,10.76,12.45,385.71,245.1,3,4.91,1.79,0.0142,0.32,1,23.7,40.3,COMPLETED
PH0488,31-03-2025,PRD030,M02,S2,1333,17,13.67,33.54,447.99,251.3,3,4.21,3.95,0.0128,2.55,1,24.9,61.1,COMPLETED
PH0489,25-02-2025,PRD029,M03,S1,931,24,22.49,21.58,385.31,426.5,1,3.51,1.78,0.0258,1.05,2,24.6,63.3,COMPLETED
PH0490,08-03-2025,PRD015,M05,S1,1180,29,9.99,6.39,348.52,212.5,1,4.95,3.05,0.0246,0.55,0,27.1,45.2,COMPLETED
PH0491,12-05-2025,PRD026,M02,S2,1543,15,23.23,31.44,375.44,603.2,1,4.14,3.55,0.0097,0.33,0,28.0,64.9,COMPLETED
PH0492,20-01-2025,PRD006,M03,S3,3874,61,5.71,37.49,434.98,125.4,1,1.76,2.46,0.0157,1.24,2,25.3,54.1,COMPLETED
PH0493,09-03-2025,PRD003,M01,S1,1062,16,12.26,23.0,340.08,190.4,1,3.98,2.8,0.0151,2.06,2,26.5,50.0,COMPLETED
PH0494,06-01-2025,PRD036,M04,S3,839,2,21.88,8.58,348.3,398.4,2,3.53,2.99,0.0024,2.97,1,29.6,42.4,COMPLETED
PH0495,25-05-2025,PRD037,M02,S3,2327,45,7.77,20.81,210.94,145.2,3,0.37,2.1,0.0193,1.85,2,28.7,37.9,COMPLETED
PH0496,17-01-2025,PRD010,M02,S1,2253,76,10.38,30.24,295.58,189.8,2,0.57,3.86,0.0337,1.65,1,21.4,58.9,COMPLETED
PH0497,05-01-2025,PRD029,M05,S2,3331,66,8.26,32.9,460.05,152.1,4,0.03,2.44,0.0198,2.2,1,29.6,40.0,COMPLETED
PH0498,09-02-2025,PRD003,M05,S3,3567,45,14.03,6.95,379.73,310.1,4,2.51,1.42,0.0126,0.41,2,20.5,50.9,COMPLETED
PH0499,15-05-2025,PRD037,M01,S3,1204,40,7.68,39.92,264.44,132.0,2,4.29,1.88,0.0332,2.68,0,21.6,38.7,COMPLETED
PH0500,23-04-2025,PRD008,M03,S2,2465,31,8.24,13.4,342.77,125.1,3,0.17,3.49,0.0126,1.86,1,21.6,58.1,COMPLETED
