demand_date,product_id,warehouse_id,region,units_sold,inventory_level,reorder_point,order_quantity,unit_cost,unit_price,promotion_flag,stockout_flag,material_id
01-04-2025,PRD001,WH_2,East,343,1008,982,1964,8.65,13.6,0,0,MAT001
02-04-2025,PRD001,WH_2,West,264,744,982,1964,8.65,13.6,0,0,MAT001
03-04-2025,PRD001,WH_1,West,246,498,982,1964,8.65,13.6,0,0,MAT001
04-04-2025,PRD001,WH_2,West,243,255,982,1964,8.65,13.6,0,0,MAT001
05-04-2025,PRD001,WH_3,North,272,0,982,1964,8.65,13.6,1,1,MAT001
06-04-2025,PRD001,WH_3,West,207,0,982,1964,8.65,13.6,0,1,MAT001
07-04-2025,PRD001,WH_1,East,492,0,982,1964,8.65,13.6,1,1,MAT001
08-04-2025,PRD001,WH_1,West,326,0,982,1964,8.65,13.6,0,1,MAT001
09-04-2025,PRD001,WH_3,North,277,1687,982,1964,8.65,13.6,0,0,MAT001
10-04-2025,PRD001,WH_3,West,333,1354,982,1964,8.65,13.6,0,0,MAT001
11-04-2025,PRD001,WH_3,North,280,1074,982,1964,8.65,13.6,0,0,MAT001
12-04-2025,PRD001,WH_3,East,207,867,982,1964,8.65,13.6,0,0,MAT001
13-04-2025,PRD001,WH_1,South,219,648,982,1964,8.65,13.6,0,0,MAT001
14-04-2025,PRD001,WH_1,South,335,313,982,1964,8.65,13.6,1,0,MAT001
15-04-2025,PRD001,WH_3,South,297,16,982,1964,8.65,13.6,0,0,MAT001
16-04-2025,PRD001,WH_3,West,388,0,982,1964,8.65,13.6,0,1,MAT001
17-04-2025,PRD001,WH_2,East,344,0,982,1964,8.65,13.6,0,1,MAT001
18-04-2025,PRD001,WH_2,West,221,0,982,1964,8.65,13.6,0,1,MAT001
19-04-2025,PRD001,WH_1,East,229,1735,982,1964,8.65,13.6,0,0,MAT001
20-04-2025,PRD001,WH_3,East,192,1543,982,1964,8.65,13.6,0,0,MAT001
21-04-2025,PRD001,WH_2,South,368,1175,982,1964,8.65,13.6,0,0,MAT001
22-04-2025,PRD001,WH_2,East,348,827,982,1964,8.65,13.6,0,0,MAT001
23-04-2025,PRD001,WH_3,South,405,422,982,1964,8.65,13.6,0,0,MAT001
24-04-2025,PRD001,WH_3,South,337,85,982,1964,8.65,13.6,0,0,MAT001
25-04-2025,PRD001,WH_2,South,243,0,982,1964,8.65,13.6,0,1,MAT001
26-04-2025,PRD001,WH_1,West,221,0,982,1964,8.65,13.6,0,1,MAT001
27-04-2025,PRD001,WH_2,South,261,0,982,1964,8.65,13.6,0,1,MAT001
28-04-2025,PRD001,WH_2,North,317,0,982,1964,8.65,13.6,0,1,MAT001
29-04-2025,PRD001,WH_3,West,360,1604,982,1964,8.65,13.6,0,0,MAT001
30-04-2025,PRD001,WH_2,South,362,1242,982,1964,8.65,13.6,0,0,MAT001
01-05-2025,PRD001,WH_3,North,495,747,982,1964,8.65,13.6,1,0,MAT001
02-05-2025,PRD001,WH_3,West,260,487,982,1964,8.65,13.6,0,0,MAT001
03-05-2025,PRD001,WH_3,West,237,250,982,1964,8.65,13.6,0,0,MAT001
04-05-2025,PRD001,WH_1,South,264,0,982,1964,8.65,13.6,0,1,MAT001
05-05-2025,PRD001,WH_2,East,307,0,982,1964,8.65,13.6,0,1,MAT001
06-05-2025,PRD001,WH_2,North,427,0,982,1964,8.65,13.6,0,1,MAT001
07-05-2025,PRD001,WH_1,South,448,0,982,1964,8.65,13.6,0,1,MAT001
08-05-2025,PRD001,WH_1,North,353,1611,982,1964,8.65,13.6,1,0,MAT001
09-05-2025,PRD001,WH_1,West,297,1314,982,1964,8.65,13.6,0,0,MAT001
10-05-2025,PRD001,WH_2,East,247,1067,982,1964,8.65,13.6,0,0,MAT001
11-05-2025,PRD001,WH_1,North,262,805,982,1964,8.65,13.6,0,0,MAT001
12-05-2025,PRD001,WH_3,West,282,523,982,1964,8.65,13.6,0,0,MAT001
13-05-2025,PRD001,WH_2,East,418,105,982,1964,8.65,13.6,0,0,MAT001
14-05-2025,PRD001,WH_2,North,405,0,982,1964,8.65,13.6,0,1,MAT001
15-05-2025,PRD001,WH_2,South,377,0,982,1964,8.65,13.6,0,1,MAT001
16-05-2025,PRD001,WH_3,South,398,0,982,1964,8.65,13.6,0,1,MAT001
17-05-2025,PRD001,WH_3,East,264,0,982,1964,8.65,13.6,0,1,MAT001
18-05-2025,PRD001,WH_2,South,287,1677,982,1964,8.65,13.6,0,0,MAT001
19-05-2025,PRD001,WH_2,East,317,1360,982,1964,8.65,13.6,0,0,MAT001
20-05-2025,PRD001,WH_1,South,659,701,982,1964,8.65,13.6,1,0,MAT001
21-05-2025,PRD001,WH_3,West,396,305,982,1964,8.65,13.6,0,0,MAT001
22-05-2025,PRD001,WH_2,North,418,0,982,1964,8.65,13.6,0,1,MAT001
23-05-2025,PRD001,WH_1,West,313,0,982,1964,8.65,13.6,0,1,MAT001
24-05-2025,PRD001,WH_3,North,418,0,982,1964,8.65,13.6,1,1,MAT001
25-05-2025,PRD001,WH_2,South,245,0,982,1964,8.65,13.6,0,1,MAT001
26-05-2025,PRD001,WH_3,South,350,0,982,1964,8.65,13.6,0,1,MAT001
27-05-2025,PRD001,WH_1,South,433,1531,982,1964,8.65,13.6,0,0,MAT001
28-05-2025,PRD001,WH_1,South,452,1079,982,1964,8.65,13.6,0,0,MAT001
29-05-2025,PRD001,WH_3,South,324,755,982,1964,8.65,13.6,0,0,MAT001
30-05-2025,PRD001,WH_1,East,525,230,982,1964,8.65,13.6,1,0,MAT001
01-04-2025,PRD002,WH_1,East,197,1118,588,1177,10.62,15.01,0,0,MAT002
02-04-2025,PRD002,WH_1,North,172,946,588,1177,10.62,15.01,0,0,MAT002
03-04-2025,PRD002,WH_1,East,146,800,588,1177,10.62,15.01,0,0,MAT002
04-04-2025,PRD002,WH_2,West,154,646,588,1177,10.62,15.01,0,0,MAT002
05-04-2025,PRD002,WH_2,East,118,528,588,1177,10.62,15.01,0,0,MAT002
06-04-2025,PRD002,WH_1,East,118,410,588,1177,10.62,15.01,0,0,MAT002
07-04-2025,PRD002,WH_1,East,142,268,588,1177,10.62,15.01,0,0,MAT002
08-04-2025,PRD002,WH_1,South,228,1217,588,1177,10.62,15.01,1,0,MAT002
09-04-2025,PRD002,WH_1,South,176,1041,588,1177,10.62,15.01,0,0,MAT002
10-04-2025,PRD002,WH_1,North,176,865,588,1177,10.62,15.01,1,0,MAT002
11-04-2025,PRD002,WH_1,West,94,771,588,1177,10.62,15.01,0,0,MAT002
12-04-2025,PRD002,WH_1,North,96,675,588,1177,10.62,15.01,0,0,MAT002
13-04-2025,PRD002,WH_1,East,107,568,588,1177,10.62,15.01,0,0,MAT002
14-04-2025,PRD002,WH_2,South,261,307,588,1177,10.62,15.01,1,0,MAT002
15-04-2025,PRD002,WH_3,South,172,135,588,1177,10.62,15.01,0,0,MAT002
16-04-2025,PRD002,WH_3,East,198,1114,588,1177,10.62,15.01,0,0,MAT002
17-04-2025,PRD002,WH_1,West,158,956,588,1177,10.62,15.01,0,0,MAT002
18-04-2025,PRD002,WH_3,East,169,787,588,1177,10.62,15.01,0,0,MAT002
19-04-2025,PRD002,WH_2,West,133,654,588,1177,10.62,15.01,0,0,MAT002
20-04-2025,PRD002,WH_2,East,180,474,588,1177,10.62,15.01,1,0,MAT002
21-04-2025,PRD002,WH_3,East,143,331,588,1177,10.62,15.01,0,0,MAT002
22-04-2025,PRD002,WH_3,West,206,125,588,1177,10.62,15.01,0,0,MAT002
23-04-2025,PRD002,WH_3,North,329,973,588,1177,10.62,15.01,1,0,MAT002
24-04-2025,PRD002,WH_2,North,180,793,588,1177,10.62,15.01,0,0,MAT002
25-04-2025,PRD002,WH_2,East,140,653,588,1177,10.62,15.01,0,0,MAT002
26-04-2025,PRD002,WH_2,West,107,546,588,1177,10.62,15.01,0,0,MAT002
27-04-2025,PRD002,WH_3,West,130,416,588,1177,10.62,15.01,0,0,MAT002
28-04-2025,PRD002,WH_3,East,190,226,588,1177,10.62,15.01,0,0,MAT002
29-04-2025,PRD002,WH_2,East,158,1245,588,1177,10.62,15.01,0,0,MAT002
30-04-2025,PRD002,WH_3,West,239,1006,588,1177,10.62,15.01,0,0,MAT002
01-05-2025,PRD002,WH_1,West,163,843,588,1177,10.62,15.01,0,0,MAT002
02-05-2025,PRD002,WH_1,West,159,684,588,1177,10.62,15.01,0,0,MAT002
03-05-2025,PRD002,WH_2,North,222,462,588,1177,10.62,15.01,1,0,MAT002
04-05-2025,PRD002,WH_3,East,227,235,588,1177,10.62,15.01,1,0,MAT002
05-05-2025,PRD002,WH_3,East,181,54,588,1177,10.62,15.01,0,0,MAT002
06-05-2025,PRD002,WH_3,South,155,1076,588,1177,10.62,15.01,0,0,MAT002
07-05-2025,PRD002,WH_3,South,203,873,588,1177,10.62,15.01,0,0,MAT002
08-05-2025,PRD002,WH_2,West,178,695,588,1177,10.62,15.01,0,0,MAT002
09-05-2025,PRD002,WH_1,West,146,549,588,1177,10.62,15.01,0,0,MAT002
10-05-2025,PRD002,WH_3,East,143,406,588,1177,10.62,15.01,0,0,MAT002
11-05-2025,PRD002,WH_1,South,148,258,588,1177,10.62,15.01,0,0,MAT002
12-05-2025,PRD002,WH_1,West,170,1265,588,1177,10.62,15.01,0,0,MAT002
13-05-2025,PRD002,WH_2,North,164,1101,588,1177,10.62,15.01,0,0,MAT002
14-05-2025,PRD002,WH_3,East,216,885,588,1177,10.62,15.01,0,0,MAT002
15-05-2025,PRD002,WH_1,South,214,671,588,1177,10.62,15.01,0,0,MAT002
16-05-2025,PRD002,WH_2,South,139,532,588,1177,10.62,15.01,0,0,MAT002
17-05-2025,PRD002,WH_3,South,157,375,588,1177,10.62,15.01,0,0,MAT002
18-05-2025,PRD002,WH_3,East,138,237,588,1177,10.62,15.01,0,0,MAT002
19-05-2025,PRD002,WH_2,West,157,1257,588,1177,10.62,15.01,0,0,MAT002
20-05-2025,PRD002,WH_2,East,200,1057,588,1177,10.62,15.01,0,0,MAT002
21-05-2025,PRD002,WH_3,North,202,855,588,1177,10.62,15.01,0,0,MAT002
22-05-2025,PRD002,WH_3,North,247,608,588,1177,10.62,15.01,0,0,MAT002
23-05-2025,PRD002,WH_1,North,150,458,588,1177,10.62,15.01,0,0,MAT002
24-05-2025,PRD002,WH_3,South,146,312,588,1177,10.62,15.01,0,0,MAT002
25-05-2025,PRD002,WH_2,East,283,29,588,1177,10.62,15.01,1,0,MAT002
26-05-2025,PRD002,WH_2,West,192,1014,588,1177,10.62,15.01,0,0,MAT002
27-05-2025,PRD002,WH_1,North,394,620,588,1177,10.62,15.01,1,0,MAT002
28-05-2025,PRD002,WH_3,South,179,441,588,1177,10.62,15.01,0,0,MAT002
29-05-2025,PRD002,WH_1,West,201,240,588,1177,10.62,15.01,0,0,MAT002
30-05-2025,PRD002,WH_1,West,165,75,588,1177,10.62,15.01,0,0,MAT002
01-04-2025,PRD003,WH_3,West,246,1003,832,1664,9.4,14.55,0,0,MAT002
02-04-2025,PRD003,WH_2,East,291,712,832,1664,9.4,14.55,0,0,MAT002
03-04-2025,PRD003,WH_1,South,319,393,832,1664,9.4,14.55,1,0,MAT002
04-04-2025,PRD003,WH_2,North,263,130,832,1664,9.4,14.55,1,0,MAT002
05-04-2025,PRD003,WH_2,South,192,0,832,1664,9.4,14.55,1,1,MAT002
06-04-2025,PRD003,WH_3,East,298,0,832,1664,9.4,14.55,1,1,MAT002
07-04-2025,PRD003,WH_1,East,328,0,832,1664,9.4,14.55,1,1,MAT002
08-04-2025,PRD003,WH_1,East,262,0,832,1664,9.4,14.55,0,1,MAT002
09-04-2025,PRD003,WH_1,East,234,1430,832,1664,9.4,14.55,0,0,MAT002
10-04-2025,PRD003,WH_2,North,298,1132,832,1664,9.4,14.55,0,0,MAT002
11-04-2025,PRD003,WH_1,South,276,856,832,1664,9.4,14.55,1,0,MAT002
12-04-2025,PRD003,WH_1,North,174,682,832,1664,9.4,14.55,0,0,MAT002
13-04-2025,PRD003,WH_3,North,298,384,832,1664,9.4,14.55,1,0,MAT002
14-04-2025,PRD003,WH_1,South,308,76,832,1664,9.4,14.55,1,0,MAT002
15-04-2025,PRD003,WH_1,South,197,0,832,1664,9.4,14.55,0,1,MAT002
16-04-2025,PRD003,WH_1,West,307,0,832,1664,9.4,14.55,0,1,MAT002
17-04-2025,PRD003,WH_2,North,245,0,832,1664,9.4,14.55,0,1,MAT002
18-04-2025,PRD003,WH_2,West,197,0,832,1664,9.4,14.55,0,1,MAT002
19-04-2025,PRD003,WH_2,North,202,1462,832,1664,9.4,14.55,1,0,MAT002
20-04-2025,PRD003,WH_1,North,176,1286,832,1664,9.4,14.55,0,0,MAT002
21-04-2025,PRD003,WH_1,East,219,1067,832,1664,9.4,14.55,0,0,MAT002
22-04-2025,PRD003,WH_3,West,216,851,832,1664,9.4,14.55,0,0,MAT002
23-04-2025,PRD003,WH_2,South,342,509,832,1664,9.4,14.55,1,0,MAT002
24-04-2025,PRD003,WH_3,North,307,202,832,1664,9.4,14.55,1,0,MAT002
25-04-2025,PRD003,WH_2,North,150,52,832,1664,9.4,14.55,0,0,MAT002
26-04-2025,PRD003,WH_1,South,157,0,832,1664,9.4,14.55,0,1,MAT002
27-04-2025,PRD003,WH_3,North,192,0,832,1664,9.4,14.55,1,1,MAT002
28-04-2025,PRD003,WH_3,South,339,0,832,1664,9.4,14.55,1,1,MAT002
29-04-2025,PRD003,WH_1,South,282,0,832,1664,9.4,14.55,0,1,MAT002
30-04-2025,PRD003,WH_3,North,220,1444,832,1664,9.4,14.55,0,0,MAT002
01-05-2025,PRD003,WH_3,South,225,1219,832,1664,9.4,14.55,0,0,MAT002
02-05-2025,PRD003,WH_3,East,266,953,832,1664,9.4,14.55,1,0,MAT002
03-05-2025,PRD003,WH_3,West,202,751,832,1664,9.4,14.55,1,0,MAT002
04-05-2025,PRD003,WH_1,North,161,590,832,1664,9.4,14.55,0,0,MAT002
05-05-2025,PRD003,WH_2,East,168,422,832,1664,9.4,14.55,0,0,MAT002
06-05-2025,PRD003,WH_1,South,249,173,832,1664,9.4,14.55,0,0,MAT002
07-05-2025,PRD003,WH_3,East,232,0,832,1664,9.4,14.55,0,1,MAT002
08-05-2025,PRD003,WH_1,East,265,0,832,1664,9.4,14.55,0,1,MAT002
09-05-2025,PRD003,WH_2,South,320,0,832,1664,9.4,14.55,1,1,MAT002
10-05-2025,PRD003,WH_1,South,97,1567,832,1664,9.4,14.55,0,0,MAT002
11-05-2025,PRD003,WH_1,North,283,1284,832,1664,9.4,14.55,1,0,MAT002
12-05-2025,PRD003,WH_2,West,227,1057,832,1664,9.4,14.55,0,0,MAT002
13-05-2025,PRD003,WH_3,West,294,763,832,1664,9.4,14.55,0,0,MAT002
14-05-2025,PRD003,WH_1,South,253,510,832,1664,9.4,14.55,0,0,MAT002
15-05-2025,PRD003,WH_1,East,231,279,832,1664,9.4,14.55,0,0,MAT002
16-05-2025,PRD003,WH_1,North,178,101,832,1664,9.4,14.55,0,0,MAT002
17-05-2025,PRD003,WH_1,North,179,0,832,1664,9.4,14.55,0,1,MAT002
18-05-2025,PRD003,WH_1,West,253,0,832,1664,9.4,14.55,1,1,MAT002
19-05-2025,PRD003,WH_1,North,246,0,832,1664,9.4,14.55,0,1,MAT002
20-05-2025,PRD003,WH_1,South,266,1398,832,1664,9.4,14.55,0,0,MAT002
21-05-2025,PRD003,WH_2,North,313,1085,832,1664,9.4,14.55,0,0,MAT002
22-05-2025,PRD003,WH_1,West,424,661,832,1664,9.4,14.55,1,0,MAT002
23-05-2025,PRD003,WH_1,North,222,439,832,1664,9.4,14.55,0,0,MAT002
24-05-2025,PRD003,WH_1,North,126,313,832,1664,9.4,14.55,0,0,MAT002
25-05-2025,PRD003,WH_1,South,162,151,832,1664,9.4,14.55,0,0,MAT002
26-05-2025,PRD003,WH_1,West,214,0,832,1664,9.4,14.55,0,1,MAT002
27-05-2025,PRD003,WH_1,West,281,0,832,1664,9.4,14.55,0,1,MAT002
28-05-2025,PRD003,WH_1,South,264,0,832,1664,9.4,14.55,0,1,MAT002
29-05-2025,PRD003,WH_2,East,216,1448,832,1664,9.4,14.55,0,0,MAT002
30-05-2025,PRD003,WH_3,West,172,1276,832,1664,9.4,14.55,0,0,MAT002
01-04-2025,PRD004,WH_1,South,150,1194,504,1009,18.2,27.29,0,0,MAT002
02-04-2025,PRD004,WH_3,North,157,1037,504,1009,18.2,27.29,0,0,MAT002
03-04-2025,PRD004,WH_1,West,118,919,504,1009,18.2,27.29,0,0,MAT002
04-04-2025,PRD004,WH_3,East,103,816,504,1009,18.2,27.29,0,0,MAT002
05-04-2025,PRD004,WH_2,North,87,729,504,1009,18.2,27.29,0,0,MAT002
06-04-2025,PRD004,WH_3,West,105,624,504,1009,18.2,27.29,0,0,MAT002
07-04-2025,PRD004,WH_3,South,123,501,504,1009,18.2,27.29,0,0,MAT002
08-04-2025,PRD004,WH_1,North,145,356,504,1009,18.2,27.29,0,0,MAT002
09-04-2025,PRD004,WH_2,East,292,64,504,1009,18.2,27.29,1,0,MAT002
10-04-2025,PRD004,WH_1,North,145,0,504,1009,18.2,27.29,0,1,MAT002
11-04-2025,PRD004,WH_1,West,128,0,504,1009,18.2,27.29,0,1,MAT002
12-04-2025,PRD004,WH_3,South,116,0,504,1009,18.2,27.29,0,1,MAT002
13-04-2025,PRD004,WH_3,South,90,0,504,1009,18.2,27.29,0,1,MAT002
14-04-2025,PRD004,WH_3,East,125,884,504,1009,18.2,27.29,0,0,MAT002
15-04-2025,PRD004,WH_1,South,228,656,504,1009,18.2,27.29,1,0,MAT002
16-04-2025,PRD004,WH_2,East,197,459,504,1009,18.2,27.29,0,0,MAT002
17-04-2025,PRD004,WH_2,North,153,306,504,1009,18.2,27.29,0,0,MAT002
18-04-2025,PRD004,WH_1,South,110,196,504,1009,18.2,27.29,0,0,MAT002
19-04-2025,PRD004,WH_2,South,93,103,504,1009,18.2,27.29,0,0,MAT002
20-04-2025,PRD004,WH_1,West,109,0,504,1009,18.2,27.29,0,1,MAT002
21-04-2025,PRD004,WH_3,West,142,0,504,1009,18.2,27.29,0,1,MAT002
22-04-2025,PRD004,WH_2,West,189,0,504,1009,18.2,27.29,0,1,MAT002
23-04-2025,PRD004,WH_2,North,202,807,504,1009,18.2,27.29,0,0,MAT002
24-04-2025,PRD004,WH_3,West,220,587,504,1009,18.2,27.29,1,0,MAT002
25-04-2025,PRD004,WH_1,North,134,453,504,1009,18.2,27.29,0,0,MAT002
26-04-2025,PRD004,WH_3,East,104,349,504,1009,18.2,27.29,0,0,MAT002
27-04-2025,PRD004,WH_1,North,151,198,504,1009,18.2,27.29,0,0,MAT002
28-04-2025,PRD004,WH_2,East,164,34,504,1009,18.2,27.29,0,0,MAT002
29-04-2025,PRD004,WH_3,East,174,0,504,1009,18.2,27.29,0,1,MAT002
30-04-2025,PRD004,WH_1,South,198,0,504,1009,18.2,27.29,0,1,MAT002
01-05-2025,PRD004,WH_2,North,189,0,504,1009,18.2,27.29,0,1,MAT002
02-05-2025,PRD004,WH_2,East,120,889,504,1009,18.2,27.29,0,0,MAT002
03-05-2025,PRD004,WH_2,North,109,780,504,1009,18.2,27.29,0,0,MAT002
04-05-2025,PRD004,WH_3,West,126,654,504,1009,18.2,27.29,0,0,MAT002
05-05-2025,PRD004,WH_2,North,198,456,504,1009,18.2,27.29,0,0,MAT002
06-05-2025,PRD004,WH_3,North,169,287,504,1009,18.2,27.29,0,0,MAT002
07-05-2025,PRD004,WH_1,South,331,0,504,1009,18.2,27.29,1,1,MAT002
08-05-2025,PRD004,WH_2,North,140,0,504,1009,18.2,27.29,0,1,MAT002
09-05-2025,PRD004,WH_1,South,115,0,504,1009,18.2,27.29,0,1,MAT002
10-05-2025,PRD004,WH_3,South,190,0,504,1009,18.2,27.29,1,1,MAT002
11-05-2025,PRD004,WH_2,East,133,0,504,1009,18.2,27.29,0,1,MAT002
12-05-2025,PRD004,WH_1,North,176,833,504,1009,18.2,27.29,0,0,MAT002
13-05-2025,PRD004,WH_2,North,311,522,504,1009,18.2,27.29,1,0,MAT002
14-05-2025,PRD004,WH_1,West,182,340,504,1009,18.2,27.29,0,0,MAT002
15-05-2025,PRD004,WH_3,East,172,168,504,1009,18.2,27.29,0,0,MAT002
16-05-2025,PRD004,WH_3,West,172,0,504,1009,18.2,27.29,0,1,MAT002
17-05-2025,PRD004,WH_1,East,116,0,504,1009,18.2,27.29,0,1,MAT002
18-05-2025,PRD004,WH_2,South,150,0,504,1009,18.2,27.29,0,1,MAT002
19-05-2025,PRD004,WH_1,South,194,0,504,1009,18.2,27.29,0,1,MAT002
20-05-2025,PRD004,WH_2,South,212,0,504,1009,18.2,27.29,0,1,MAT002
21-05-2025,PRD004,WH_2,East,218,791,504,1009,18.2,27.29,0,0,MAT002
22-05-2025,PRD004,WH_3,West,174,617,504,1009,18.2,27.29,0,0,MAT002
23-05-2025,PRD004,WH_3,North,147,470,504,1009,18.2,27.29,0,0,MAT002
24-05-2025,PRD004,WH_1,South,169,301,504,1009,18.2,27.29,1,0,MAT002
25-05-2025,PRD004,WH_3,East,150,151,504,1009,18.2,27.29,0,0,MAT002
26-05-2025,PRD004,WH_2,West,205,0,504,1009,18.2,27.29,0,1,MAT002
27-05-2025,PRD004,WH_3,West,179,0,504,1009,18.2,27.29,0,1,MAT002
28-05-2025,PRD004,WH_1,East,185,0,504,1009,18.2,27.29,0,1,MAT002
29-05-2025,PRD004,WH_3,South,158,0,504,1009,18.2,27.29,0,1,MAT002
30-05-2025,PRD004,WH_1,East,160,849,504,1009,18.2,27.29,0,0,MAT002
01-04-2025,PRD005,WH_1,South,254,1337,709,1419,9.69,14.74,0,0,MAT002
02-04-2025,PRD005,WH_2,South,212,1125,709,1419,9.69,14.74,0,0,MAT002
03-04-2025,PRD005,WH_3,East,227,898,709,1419,9.69,14.74,0,0,MAT002
04-04-2025,PRD005,WH_3,South,230,668,709,1419,9.69,14.74,1,0,MAT002
05-04-2025,PRD005,WH_2,West,132,536,709,1419,9.69,14.74,0,0,MAT002
06-04-2025,PRD005,WH_2,West,118,418,709,1419,9.69,14.74,0,0,MAT002
07-04-2025,PRD005,WH_1,West,182,236,709,1419,9.69,14.74,0,0,MAT002
08-04-2025,PRD005,WH_1,North,235,1,709,1419,9.69,14.74,0,0,MAT002
09-04-2025,PRD005,WH_1,South,225,0,709,1419,9.69,14.74,0,1,MAT002
10-04-2025,PRD005,WH_2,East,234,1185,709,1419,9.69,14.74,0,0,MAT002
11-04-2025,PRD005,WH_2,South,163,1022,709,1419,9.69,14.74,0,0,MAT002
12-04-2025,PRD005,WH_3,East,151,871,709,1419,9.69,14.74,0,0,MAT002
13-04-2025,PRD005,WH_1,South,128,743,709,1419,9.69,14.74,0,0,MAT002
14-04-2025,PRD005,WH_3,West,158,585,709,1419,9.69,14.74,0,0,MAT002
15-04-2025,PRD005,WH_3,South,234,351,709,1419,9.69,14.74,0,0,MAT002
16-04-2025,PRD005,WH_2,East,222,129,709,1419,9.69,14.74,0,0,MAT002
17-04-2025,PRD005,WH_3,West,246,0,709,1419,9.69,14.74,0,1,MAT002
18-04-2025,PRD005,WH_1,East,154,0,709,1419,9.69,14.74,0,1,MAT002
19-04-2025,PRD005,WH_1,West,128,0,709,1419,9.69,14.74,0,1,MAT002
20-04-2025,PRD005,WH_3,South,146,1273,709,1419,9.69,14.74,0,0,MAT002
21-04-2025,PRD005,WH_2,North,155,1118,709,1419,9.69,14.74,0,0,MAT002
22-04-2025,PRD005,WH_3,East,214,904,709,1419,9.69,14.74,0,0,MAT002
23-04-2025,PRD005,WH_2,East,357,547,709,1419,9.69,14.74,1,0,MAT002
24-04-2025,PRD005,WH_1,North,188,359,709,1419,9.69,14.74,0,0,MAT002
25-04-2025,PRD005,WH_1,East,129,230,709,1419,9.69,14.74,0,0,MAT002
26-04-2025,PRD005,WH_1,South,145,85,709,1419,9.69,14.74,0,0,MAT002
27-04-2025,PRD005,WH_2,North,146,0,709,1419,9.69,14.74,0,1,MAT002
28-04-2025,PRD005,WH_1,South,165,0,709,1419,9.69,14.74,0,1,MAT002
29-04-2025,PRD005,WH_2,South,233,1186,709,1419,9.69,14.74,0,0,MAT002
30-04-2025,PRD005,WH_3,West,203,983,709,1419,9.69,14.74,0,0,MAT002
01-05-2025,PRD005,WH_3,West,207,776,709,1419,9.69,14.74,0,0,MAT002
02-05-2025,PRD005,WH_1,North,152,624,709,1419,9.69,14.74,0,0,MAT002
03-05-2025,PRD005,WH_1,South,176,448,709,1419,9.69,14.74,1,0,MAT002
04-05-2025,PRD005,WH_2,East,110,338,709,1419,9.69,14.74,0,0,MAT002
05-05-2025,PRD005,WH_1,South,210,128,709,1419,9.69,14.74,0,0,MAT002
06-05-2025,PRD005,WH_3,West,190,0,709,1419,9.69,14.74,0,1,MAT002
07-05-2025,PRD005,WH_3,North,245,0,709,1419,9.69,14.74,0,1,MAT002
08-05-2025,PRD005,WH_3,East,164,1255,709,1419,9.69,14.74,0,0,MAT002
09-05-2025,PRD005,WH_1,North,137,1118,709,1419,9.69,14.74,0,0,MAT002
10-05-2025,PRD005,WH_3,West,192,926,709,1419,9.69,14.74,1,0,MAT002
11-05-2025,PRD005,WH_3,South,185,741,709,1419,9.69,14.74,1,0,MAT002
12-05-2025,PRD005,WH_1,West,120,621,709,1419,9.69,14.74,0,0,MAT002
13-05-2025,PRD005,WH_2,East,200,421,709,1419,9.69,14.74,0,0,MAT002
14-05-2025,PRD005,WH_3,West,235,186,709,1419,9.69,14.74,0,0,MAT002
15-05-2025,PRD005,WH_1,South,184,2,709,1419,9.69,14.74,0,0,MAT002
16-05-2025,PRD005,WH_1,North,152,0,709,1419,9.69,14.74,0,1,MAT002
17-05-2025,PRD005,WH_3,North,151,0,709,1419,9.69,14.74,0,1,MAT002
18-05-2025,PRD005,WH_1,North,127,1292,709,1419,9.69,14.74,0,0,MAT002
19-05-2025,PRD005,WH_2,East,162,1130,709,1419,9.69,14.74,0,0,MAT002
20-05-2025,PRD005,WH_3,West,285,845,709,1419,9.69,14.74,1,0,MAT002
21-05-2025,PRD005,WH_3,East,202,643,709,1419,9.69,14.74,0,0,MAT002
22-05-2025,PRD005,WH_2,South,181,462,709,1419,9.69,14.74,0,0,MAT002
23-05-2025,PRD005,WH_3,East,166,296,709,1419,9.69,14.74,0,0,MAT002
24-05-2025,PRD005,WH_1,East,160,136,709,1419,9.69,14.74,0,0,MAT002
25-05-2025,PRD005,WH_1,North,197,0,709,1419,9.69,14.74,1,1,MAT002
26-05-2025,PRD005,WH_3,West,241,0,709,1419,9.69,14.74,1,1,MAT002
27-05-2025,PRD005,WH_2,North,202,1217,709,1419,9.69,14.74,0,0,MAT002
28-05-2025,PRD005,WH_2,South,214,1003,709,1419,9.69,14.74,0,0,MAT002
29-05-2025,PRD005,WH_2,West,172,831,709,1419,9.69,14.74,0,0,MAT002
30-05-2025,PRD005,WH_3,East,225,606,709,1419,9.69,14.74,1,0,MAT002
01-04-2025,PRD006,WH_3,West,476,1089,962,1924,17.94,30.09,1,0,MAT001
02-04-2025,PRD006,WH_3,West,301,788,962,1924,17.94,30.09,0,0,MAT001
03-04-2025,PRD006,WH_3,East,166,622,962,1924,17.94,30.09,0,0,MAT001
04-04-2025,PRD006,WH_3,South,213,409,962,1924,17.94,30.09,0,0,MAT001
05-04-2025,PRD006,WH_2,South,314,95,962,1924,17.94,30.09,1,0,MAT001
06-04-2025,PRD006,WH_1,East,150,1869,962,1924,17.94,30.09,0,0,MAT001
07-04-2025,PRD006,WH_3,South,265,1604,962,1924,17.94,30.09,0,0,MAT001
08-04-2025,PRD006,WH_1,East,256,1348,962,1924,17.94,30.09,0,0,MAT001
09-04-2025,PRD006,WH_2,West,310,1038,962,1924,17.94,30.09,0,0,MAT001
10-04-2025,PRD006,WH_1,West,268,770,962,1924,17.94,30.09,0,0,MAT001
11-04-2025,PRD006,WH_3,East,257,513,962,1924,17.94,30.09,0,0,MAT001
12-04-2025,PRD006,WH_3,East,312,201,962,1924,17.94,30.09,1,0,MAT001
13-04-2025,PRD006,WH_1,West,263,0,962,1924,17.94,30.09,1,1,MAT001
14-04-2025,PRD006,WH_2,East,242,1682,962,1924,17.94,30.09,0,0,MAT001
15-04-2025,PRD006,WH_2,East,297,1385,962,1924,17.94,30.09,0,0,MAT001
16-04-2025,PRD006,WH_2,South,242,1143,962,1924,17.94,30.09,0,0,MAT001
17-04-2025,PRD006,WH_2,West,282,861,962,1924,17.94,30.09,0,0,MAT001
18-04-2025,PRD006,WH_3,West,363,498,962,1924,17.94,30.09,1,0,MAT001
19-04-2025,PRD006,WH_3,East,187,311,962,1924,17.94,30.09,0,0,MAT001
20-04-2025,PRD006,WH_2,West,169,142,962,1924,17.94,30.09,0,0,MAT001
21-04-2025,PRD006,WH_1,North,260,1806,962,1924,17.94,30.09,0,0,MAT001
22-04-2025,PRD006,WH_2,West,318,1488,962,1924,17.94,30.09,0,0,MAT001
23-04-2025,PRD006,WH_3,East,334,1154,962,1924,17.94,30.09,0,0,MAT001
24-04-2025,PRD006,WH_2,South,306,848,962,1924,17.94,30.09,0,0,MAT001
25-04-2025,PRD006,WH_2,North,240,608,962,1924,17.94,30.09,0,0,MAT001
26-04-2025,PRD006,WH_2,North,294,314,962,1924,17.94,30.09,1,0,MAT001
27-04-2025,PRD006,WH_1,North,189,125,962,1924,17.94,30.09,0,0,MAT001
28-04-2025,PRD006,WH_2,West,323,1726,962,1924,17.94,30.09,0,0,MAT001
29-04-2025,PRD006,WH_3,East,286,1440,962,1924,17.94,30.09,0,0,MAT001
30-04-2025,PRD006,WH_1,South,308,1132,962,1924,17.94,30.09,0,0,MAT001
01-05-2025,PRD006,WH_1,West,330,802,962,1924,17.94,30.09,0,0,MAT001
02-05-2025,PRD006,WH_1,West,271,531,962,1924,17.94,30.09,0,0,MAT001
03-05-2025,PRD006,WH_1,West,309,222,962,1924,17.94,30.09,1,0,MAT001
04-05-2025,PRD006,WH_3,North,189,33,962,1924,17.94,30.09,0,0,MAT001
05-05-2025,PRD006,WH_3,South,377,1580,962,1924,17.94,30.09,1,0,MAT001
06-05-2025,PRD006,WH_1,East,468,1112,962,1924,17.94,30.09,1,0,MAT001
07-05-2025,PRD006,WH_1,North,368,744,962,1924,17.94,30.09,0,0,MAT001
08-05-2025,PRD006,WH_3,South,463,281,962,1924,17.94,30.09,1,0,MAT001
09-05-2025,PRD006,WH_3,East,244,37,962,1924,17.94,30.09,0,0,MAT001
10-05-2025,PRD006,WH_2,West,196,0,962,1924,17.94,30.09,0,1,MAT001
11-05-2025,PRD006,WH_2,East,242,1682,962,1924,17.94,30.09,0,0,MAT001
12-05-2025,PRD006,WH_3,East,275,1407,962,1924,17.94,30.09,0,0,MAT001
13-05-2025,PRD006,WH_3,East,330,1077,962,1924,17.94,30.09,0,0,MAT001
14-05-2025,PRD006,WH_2,East,344,733,962,1924,17.94,30.09,0,0,MAT001
15-05-2025,PRD006,WH_3,East,349,384,962,1924,17.94,30.09,0,0,MAT001
16-05-2025,PRD006,WH_1,East,226,158,962,1924,17.94,30.09,0,0,MAT001
17-05-2025,PRD006,WH_1,North,331,0,962,1924,17.94,30.09,1,1,MAT001
18-05-2025,PRD006,WH_1,West,203,1721,962,1924,17.94,30.09,0,0,MAT001
19-05-2025,PRD006,WH_2,East,257,1464,962,1924,17.94,30.09,0,0,MAT001
20-05-2025,PRD006,WH_3,West,296,1168,962,1924,17.94,30.09,0,0,MAT001
21-05-2025,PRD006,WH_3,West,445,723,962,1924,17.94,30.09,0,0,MAT001
22-05-2025,PRD006,WH_2,South,306,417,962,1924,17.94,30.09,0,0,MAT001
23-05-2025,PRD006,WH_1,East,439,0,962,1924,17.94,30.09,1,1,MAT001
24-05-2025,PRD006,WH_2,North,336,0,962,1924,17.94,30.09,1,1,MAT001
25-05-2025,PRD006,WH_2,North,410,1514,962,1924,17.94,30.09,1,0,MAT001
26-05-2025,PRD006,WH_1,East,455,1059,962,1924,17.94,30.09,1,0,MAT001
27-05-2025,PRD006,WH_1,North,313,746,962,1924,17.94,30.09,0,0,MAT001
28-05-2025,PRD006,WH_3,North,513,233,962,1924,17.94,30.09,1,0,MAT001
29-05-2025,PRD006,WH_2,East,268,0,962,1924,17.94,30.09,0,1,MAT001
30-05-2025,PRD006,WH_2,West,217,0,962,1924,17.94,30.09,0,1,MAT001
01-04-2025,PRD007,WH_2,East,306,1190,856,1713,9.51,14.93,0,0,MAT001
02-04-2025,PRD007,WH_1,South,291,899,856,1713,9.51,14.93,0,0,MAT001
03-04-2025,PRD007,WH_1,East,281,618,856,1713,9.51,14.93,1,0,MAT001
04-04-2025,PRD007,WH_1,South,187,431,856,1713,9.51,14.93,0,0,MAT001
05-04-2025,PRD007,WH_1,East,149,282,856,1713,9.51,14.93,0,0,MAT001
06-04-2025,PRD007,WH_1,North,161,121,856,1713,9.51,14.93,0,0,MAT001
07-04-2025,PRD007,WH_3,South,234,1600,856,1713,9.51,14.93,0,0,MAT001
08-04-2025,PRD007,WH_3,East,291,1309,856,1713,9.51,14.93,0,0,MAT001
09-04-2025,PRD007,WH_3,North,413,896,856,1713,9.51,14.93,1,0,MAT001
10-04-2025,PRD007,WH_1,West,217,679,856,1713,9.51,14.93,0,0,MAT001
11-04-2025,PRD007,WH_1,South,197,482,856,1713,9.51,14.93,0,0,MAT001
12-04-2025,PRD007,WH_2,West,169,313,856,1713,9.51,14.93,0,0,MAT001
13-04-2025,PRD007,WH_3,West,174,139,856,1713,9.51,14.93,0,0,MAT001
14-04-2025,PRD007,WH_3,South,359,1493,856,1713,9.51,14.93,1,0,MAT001
15-04-2025,PRD007,WH_1,South,305,1188,856,1713,9.51,14.93,0,0,MAT001
16-04-2025,PRD007,WH_2,South,304,884,856,1713,9.51,14.93,0,0,MAT001
17-04-2025,PRD007,WH_2,North,331,553,856,1713,9.51,14.93,0,0,MAT001
18-04-2025,PRD007,WH_1,South,220,333,856,1713,9.51,14.93,0,0,MAT001
19-04-2025,PRD007,WH_3,North,288,45,856,1713,9.51,14.93,1,0,MAT001
20-04-2025,PRD007,WH_2,North,269,0,856,1713,9.51,14.93,0,1,MAT001
21-04-2025,PRD007,WH_1,East,385,1328,856,1713,9.51,14.93,1,0,MAT001
22-04-2025,PRD007,WH_2,East,478,850,856,1713,9.51,14.93,1,0,MAT001
23-04-2025,PRD007,WH_1,South,362,488,856,1713,9.51,14.93,0,0,MAT001
24-04-2025,PRD007,WH_1,South,286,202,856,1713,9.51,14.93,0,0,MAT001
25-04-2025,PRD007,WH_2,West,208,0,856,1713,9.51,14.93,0,1,MAT001
26-04-2025,PRD007,WH_1,North,203,1510,856,1713,9.51,14.93,0,0,MAT001
27-04-2025,PRD007,WH_3,East,200,1310,856,1713,9.51,14.93,0,0,MAT001
28-04-2025,PRD007,WH_2,South,276,1034,856,1713,9.51,14.93,0,0,MAT001
29-04-2025,PRD007,WH_3,West,354,680,856,1713,9.51,14.93,0,0,MAT001
30-04-2025,PRD007,WH_2,West,241,439,856,1713,9.51,14.93,0,0,MAT001
01-05-2025,PRD007,WH_1,North,313,126,856,1713,9.51,14.93,0,0,MAT001
02-05-2025,PRD007,WH_2,South,219,0,856,1713,9.51,14.93,0,1,MAT001
03-05-2025,PRD007,WH_3,South,307,1406,856,1713,9.51,14.93,1,0,MAT001
04-05-2025,PRD007,WH_2,West,231,1175,856,1713,9.51,14.93,0,0,MAT001
05-05-2025,PRD007,WH_1,South,315,860,856,1713,9.51,14.93,0,0,MAT001
06-05-2025,PRD007,WH_3,South,287,573,856,1713,9.51,14.93,0,0,MAT001
07-05-2025,PRD007,WH_3,South,339,234,856,1713,9.51,14.93,0,0,MAT001
08-05-2025,PRD007,WH_1,North,415,0,856,1713,9.51,14.93,1,1,MAT001
09-05-2025,PRD007,WH_1,East,240,0,856,1713,9.51,14.93,0,1,MAT001
10-05-2025,PRD007,WH_1,South,185,1528,856,1713,9.51,14.93,0,0,MAT001
11-05-2025,PRD007,WH_3,South,241,1287,856,1713,9.51,14.93,0,0,MAT001
12-05-2025,PRD007,WH_3,North,344,943,856,1713,9.51,14.93,1,0,MAT001
13-05-2025,PRD007,WH_3,West,330,613,856,1713,9.51,14.93,0,0,MAT001
14-05-2025,PRD007,WH_1,West,543,70,856,1713,9.51,14.93,1,0,MAT001
15-05-2025,PRD007,WH_1,East,440,0,856,1713,9.51,14.93,1,1,MAT001
16-05-2025,PRD007,WH_1,West,222,0,856,1713,9.51,14.93,0,1,MAT001
17-05-2025,PRD007,WH_1,East,219,1494,856,1713,9.51,14.93,0,0,MAT001
18-05-2025,PRD007,WH_2,East,263,1231,856,1713,9.51,14.93,0,0,MAT001
19-05-2025,PRD007,WH_2,West,344,887,856,1713,9.51,14.93,0,0,MAT001
20-05-2025,PRD007,WH_3,West,365,522,856,1713,9.51,14.93,0,0,MAT001
21-05-2025,PRD007,WH_3,West,408,114,856,1713,9.51,14.93,0,0,MAT001
22-05-2025,PRD007,WH_1,South,464,0,856,1713,9.51,14.93,1,1,MAT001
23-05-2025,PRD007,WH_3,North,207,0,856,1713,9.51,14.93,0,1,MAT001
24-05-2025,PRD007,WH_3,East,182,1531,856,1713,9.51,14.93,0,0,MAT001
25-05-2025,PRD007,WH_1,West,295,1236,856,1713,9.51,14.93,0,0,MAT001
26-05-2025,PRD007,WH_2,North,460,776,856,1713,9.51,14.93,1,0,MAT001
27-05-2025,PRD007,WH_3,South,417,359,856,1713,9.51,14.93,0,0,MAT001
28-05-2025,PRD007,WH_3,South,328,31,856,1713,9.51,14.93,0,0,MAT001
29-05-2025,PRD007,WH_1,South,274,0,856,1713,9.51,14.93,0,1,MAT001
30-05-2025,PRD007,WH_1,South,285,1428,856,1713,9.51,14.93,0,0,MAT001
01-04-2025,PRD008,WH_1,West,261,630,746,1492,17.89,30.87,0,0,MAT002
02-04-2025,PRD008,WH_2,West,194,436,746,1492,17.89,30.87,0,0,MAT002
03-04-2025,PRD008,WH_2,North,209,227,746,1492,17.89,30.87,0,0,MAT002
04-04-2025,PRD008,WH_2,West,160,67,746,1492,17.89,30.87,0,0,MAT002
05-04-2025,PRD008,WH_2,South,166,0,746,1492,17.89,30.87,0,1,MAT002
06-04-2025,PRD008,WH_1,West,148,1344,746,1492,17.89,30.87,0,0,MAT002
07-04-2025,PRD008,WH_3,West,245,1099,746,1492,17.89,30.87,0,0,MAT002
08-04-2025,PRD008,WH_3,South,186,913,746,1492,17.89,30.87,0,0,MAT002
09-04-2025,PRD008,WH_2,North,400,513,746,1492,17.89,30.87,1,0,MAT002
10-04-2025,PRD008,WH_1,South,257,256,746,1492,17.89,30.87,0,0,MAT002
11-04-2025,PRD008,WH_2,South,175,81,746,1492,17.89,30.87,0,0,MAT002
12-04-2025,PRD008,WH_3,East,168,0,746,1492,17.89,30.87,0,1,MAT002
13-04-2025,PRD008,WH_2,East,190,0,746,1492,17.89,30.87,0,1,MAT002
14-04-2025,PRD008,WH_1,North,198,1294,746,1492,17.89,30.87,0,0,MAT002
15-04-2025,PRD008,WH_2,East,253,1041,746,1492,17.89,30.87,0,0,MAT002
16-04-2025,PRD008,WH_2,West,236,805,746,1492,17.89,30.87,0,0,MAT002
17-04-2025,PRD008,WH_1,East,228,577,746,1492,17.89,30.87,0,0,MAT002
18-04-2025,PRD008,WH_3,North,198,379,746,1492,17.89,30.87,0,0,MAT002
19-04-2025,PRD008,WH_1,South,157,222,746,1492,17.89,30.87,0,0,MAT002
20-04-2025,PRD008,WH_1,East,147,75,746,1492,17.89,30.87,0,0,MAT002
21-04-2025,PRD008,WH_2,West,188,0,746,1492,17.89,30.87,0,1,MAT002
22-04-2025,PRD008,WH_1,North,281,1211,746,1492,17.89,30.87,0,0,MAT002
23-04-2025,PRD008,WH_3,North,290,921,746,1492,17.89,30.87,0,0,MAT002
24-04-2025,PRD008,WH_2,South,253,668,746,1492,17.89,30.87,0,0,MAT002
25-04-2025,PRD008,WH_2,North,236,432,746,1492,17.89,30.87,0,0,MAT002
26-04-2025,PRD008,WH_3,North,178,254,746,1492,17.89,30.87,0,0,MAT002
27-04-2025,PRD008,WH_1,East,274,0,746,1492,17.89,30.87,1,1,MAT002
28-04-2025,PRD008,WH_2,West,196,0,746,1492,17.89,30.87,0,1,MAT002
29-04-2025,PRD008,WH_2,East,465,1027,746,1492,17.89,30.87,1,0,MAT002
30-04-2025,PRD008,WH_3,North,290,737,746,1492,17.89,30.87,0,0,MAT002
01-05-2025,PRD008,WH_3,East,263,474,746,1492,17.89,30.87,0,0,MAT002
02-05-2025,PRD008,WH_1,West,205,269,746,1492,17.89,30.87,0,0,MAT002
03-05-2025,PRD008,WH_1,North,185,84,746,1492,17.89,30.87,0,0,MAT002
04-05-2025,PRD008,WH_1,North,186,0,746,1492,17.89,30.87,0,1,MAT002
05-05-2025,PRD008,WH_2,West,281,1211,746,1492,17.89,30.87,0,0,MAT002
06-05-2025,PRD008,WH_2,West,471,740,746,1492,17.89,30.87,1,0,MAT002
07-05-2025,PRD008,WH_1,East,287,453,746,1492,17.89,30.87,0,0,MAT002
08-05-2025,PRD008,WH_1,South,303,150,746,1492,17.89,30.87,0,0,MAT002
09-05-2025,PRD008,WH_2,South,184,0,746,1492,17.89,30.87,0,1,MAT002
10-05-2025,PRD008,WH_2,East,211,0,746,1492,17.89,30.87,0,1,MAT002
11-05-2025,PRD008,WH_3,South,224,1268,746,1492,17.89,30.87,0,0,MAT002
12-05-2025,PRD008,WH_2,North,292,976,746,1492,17.89,30.87,0,0,MAT002
13-05-2025,PRD008,WH_3,West,372,604,746,1492,17.89,30.87,0,0,MAT002
14-05-2025,PRD008,WH_2,East,312,292,746,1492,17.89,30.87,0,0,MAT002
15-05-2025,PRD008,WH_3,North,267,25,746,1492,17.89,30.87,0,0,MAT002
16-05-2025,PRD008,WH_1,East,137,0,746,1492,17.89,30.87,0,1,MAT002
17-05-2025,PRD008,WH_1,North,205,0,746,1492,17.89,30.87,0,1,MAT002
18-05-2025,PRD008,WH_3,North,215,1277,746,1492,17.89,30.87,0,0,MAT002
19-05-2025,PRD008,WH_3,North,410,867,746,1492,17.89,30.87,1,0,MAT002
20-05-2025,PRD008,WH_1,South,303,564,746,1492,17.89,30.87,0,0,MAT002
21-05-2025,PRD008,WH_1,South,370,194,746,1492,17.89,30.87,0,0,MAT002
22-05-2025,PRD008,WH_2,North,333,0,746,1492,17.89,30.87,0,1,MAT002
23-05-2025,PRD008,WH_2,East,246,0,746,1492,17.89,30.87,0,1,MAT002
24-05-2025,PRD008,WH_3,North,249,0,746,1492,17.89,30.87,0,1,MAT002
25-05-2025,PRD008,WH_2,West,208,1284,746,1492,17.89,30.87,0,0,MAT002
26-05-2025,PRD008,WH_2,South,353,931,746,1492,17.89,30.87,0,0,MAT002
27-05-2025,PRD008,WH_2,East,556,375,746,1492,17.89,30.87,1,0,MAT002
28-05-2025,PRD008,WH_3,East,254,121,746,1492,17.89,30.87,0,0,MAT002
29-05-2025,PRD008,WH_2,East,495,0,746,1492,17.89,30.87,1,1,MAT002
30-05-2025,PRD008,WH_2,North,414,0,746,1492,17.89,30.87,1,1,MAT002
01-04-2025,PRD009,WH_2,North,370,621,746,1492,16.64,23.21,1,0,MAT001
02-04-2025,PRD009,WH_3,West,226,395,746,1492,16.64,23.21,0,0,MAT001
03-04-2025,PRD009,WH_3,West,305,90,746,1492,16.64,23.21,1,0,MAT001
04-04-2025,PRD009,WH_3,North,194,0,746,1492,16.64,23.21,0,1,MAT001
05-04-2025,PRD009,WH_3,East,141,0,746,1492,16.64,23.21,0,1,MAT001
06-04-2025,PRD009,WH_2,North,207,0,746,1492,16.64,23.21,0,1,MAT001
07-04-2025,PRD009,WH_3,North,174,0,746,1492,16.64,23.21,0,1,MAT001
08-04-2025,PRD009,WH_1,West,225,1267,746,1492,16.64,23.21,0,0,MAT001
09-04-2025,PRD009,WH_1,East,424,843,746,1492,16.64,23.21,1,0,MAT001
10-04-2025,PRD009,WH_1,South,247,596,746,1492,16.64,23.21,0,0,MAT001
11-04-2025,PRD009,WH_2,East,184,412,746,1492,16.64,23.21,0,0,MAT001
12-04-2025,PRD009,WH_2,West,179,233,746,1492,16.64,23.21,0,0,MAT001
13-04-2025,PRD009,WH_1,East,142,91,746,1492,16.64,23.21,0,0,MAT001
14-04-2025,PRD009,WH_1,North,276,0,746,1492,16.64,23.21,0,1,MAT001
15-04-2025,PRD009,WH_1,North,244,0,746,1492,16.64,23.21,0,1,MAT001
16-04-2025,PRD009,WH_3,West,309,0,746,1492,16.64,23.21,0,1,MAT001
17-04-2025,PRD009,WH_1,South,191,1301,746,1492,16.64,23.21,0,0,MAT001
18-04-2025,PRD009,WH_3,East,206,1095,746,1492,16.64,23.21,0,0,MAT001
19-04-2025,PRD009,WH_3,North,247,848,746,1492,16.64,23.21,1,0,MAT001
20-04-2025,PRD009,WH_1,South,182,666,746,1492,16.64,23.21,0,0,MAT001
21-04-2025,PRD009,WH_2,North,242,424,746,1492,16.64,23.21,0,0,MAT001
22-04-2025,PRD009,WH_3,East,271,153,746,1492,16.64,23.21,0,0,MAT001
23-04-2025,PRD009,WH_3,West,315,0,746,1492,16.64,23.21,0,1,MAT001
24-04-2025,PRD009,WH_1,South,337,0,746,1492,16.64,23.21,0,1,MAT001
25-04-2025,PRD009,WH_2,South,192,0,746,1492,16.64,23.21,0,1,MAT001
26-04-2025,PRD009,WH_1,West,181,0,746,1492,16.64,23.21,0,1,MAT001
27-04-2025,PRD009,WH_1,South,199,1293,746,1492,16.64,23.21,0,0,MAT001
28-04-2025,PRD009,WH_1,South,207,1086,746,1492,16.64,23.21,0,0,MAT001
29-04-2025,PRD009,WH_1,West,300,786,746,1492,16.64,23.21,0,0,MAT001
30-04-2025,PRD009,WH_3,South,346,440,746,1492,16.64,23.21,0,0,MAT001
01-05-2025,PRD009,WH_3,South,272,168,746,1492,16.64,23.21,0,0,MAT001
02-05-2025,PRD009,WH_3,North,226,0,746,1492,16.64,23.21,0,1,MAT001
03-05-2025,PRD009,WH_1,East,187,0,746,1492,16.64,23.21,0,1,MAT001
04-05-2025,PRD009,WH_2,East,180,0,746,1492,16.64,23.21,0,1,MAT001
05-05-2025,PRD009,WH_2,West,263,0,746,1492,16.64,23.21,0,1,MAT001
06-05-2025,PRD009,WH_1,East,598,0,746,1492,16.64,23.21,1,1,MAT001
07-05-2025,PRD009,WH_2,South,331,1161,746,1492,16.64,23.21,0,0,MAT001
08-05-2025,PRD009,WH_3,East,263,898,746,1492,16.64,23.21,0,0,MAT001
09-05-2025,PRD009,WH_2,South,272,626,746,1492,16.64,23.21,0,0,MAT001
10-05-2025,PRD009,WH_2,West,169,457,746,1492,16.64,23.21,0,0,MAT001
11-05-2025,PRD009,WH_1,East,173,284,746,1492,16.64,23.21,0,0,MAT001
12-05-2025,PRD009,WH_1,East,277,7,746,1492,16.64,23.21,0,0,MAT001
13-05-2025,PRD009,WH_2,East,270,0,746,1492,16.64,23.21,0,1,MAT001
14-05-2025,PRD009,WH_2,West,400,0,746,1492,16.64,23.21,0,1,MAT001
15-05-2025,PRD009,WH_1,North,357,0,746,1492,16.64,23.21,0,1,MAT001
16-05-2025,PRD009,WH_2,East,245,1247,746,1492,16.64,23.21,0,0,MAT001
17-05-2025,PRD009,WH_2,North,166,1081,746,1492,16.64,23.21,0,0,MAT001
18-05-2025,PRD009,WH_3,West,247,834,746,1492,16.64,23.21,0,0,MAT001
19-05-2025,PRD009,WH_1,East,324,510,746,1492,16.64,23.21,0,0,MAT001
20-05-2025,PRD009,WH_2,South,312,198,746,1492,16.64,23.21,0,0,MAT001
21-05-2025,PRD009,WH_3,West,343,0,746,1492,16.64,23.21,0,1,MAT001
22-05-2025,PRD009,WH_2,South,412,0,746,1492,16.64,23.21,0,1,MAT001
23-05-2025,PRD009,WH_3,West,253,0,746,1492,16.64,23.21,0,1,MAT001
24-05-2025,PRD009,WH_1,East,203,0,746,1492,16.64,23.21,0,1,MAT001
25-05-2025,PRD009,WH_1,East,321,0,746,1492,16.64,23.21,1,1,MAT001
26-05-2025,PRD009,WH_2,North,236,1256,746,1492,16.64,23.21,0,0,MAT001
27-05-2025,PRD009,WH_1,East,382,874,746,1492,16.64,23.21,0,0,MAT001
28-05-2025,PRD009,WH_3,East,379,495,746,1492,16.64,23.21,0,0,MAT001
29-05-2025,PRD009,WH_3,North,391,104,746,1492,16.64,23.21,0,0,MAT001
30-05-2025,PRD009,WH_3,South,267,0,746,1492,16.64,23.21,0,1,MAT001
01-04-2025,PRD010,WH_3,North,239,894,668,1336,16.7,27.59,0,0,MAT002
02-04-2025,PRD010,WH_2,West,313,581,668,1336,16.7,27.59,1,0,MAT002
03-04-2025,PRD010,WH_3,West,191,390,668,1336,16.7,27.59,0,0,MAT002
04-04-2025,PRD010,WH_2,East,130,260,668,1336,16.7,27.59,0,0,MAT002
05-04-2025,PRD010,WH_1,North,112,148,668,1336,16.7,27.59,0,0,MAT002
06-04-2025,PRD010,WH_2,North,103,45,668,1336,16.7,27.59,0,0,MAT002
07-04-2025,PRD010,WH_2,West,147,0,668,1336,16.7,27.59,0,1,MAT002
08-04-2025,PRD010,WH_1,East,259,1077,668,1336,16.7,27.59,1,0,MAT002
09-04-2025,PRD010,WH_2,South,246,831,668,1336,16.7,27.59,0,0,MAT002
10-04-2025,PRD010,WH_1,North,183,648,668,1336,16.7,27.59,0,0,MAT002
11-04-2025,PRD010,WH_2,South,89,559,668,1336,16.7,27.59,0,0,MAT002
12-04-2025,PRD010,WH_1,North,179,380,668,1336,16.7,27.59,1,0,MAT002
13-04-2025,PRD010,WH_2,West,113,267,668,1336,16.7,27.59,0,0,MAT002
14-04-2025,PRD010,WH_2,West,135,132,668,1336,16.7,27.59,0,0,MAT002
15-04-2025,PRD010,WH_2,East,197,0,668,1336,16.7,27.59,0,1,MAT002
16-04-2025,PRD010,WH_2,West,176,1160,668,1336,16.7,27.59,0,0,MAT002
17-04-2025,PRD010,WH_3,West,192,968,668,1336,16.7,27.59,0,0,MAT002
18-04-2025,PRD010,WH_1,West,151,817,668,1336,16.7,27.59,0,0,MAT002
19-04-2025,PRD010,WH_3,North,110,707,668,1336,16.7,27.59,0,0,MAT002
20-04-2025,PRD010,WH_1,East,105,602,668,1336,16.7,27.59,0,0,MAT002
21-04-2025,PRD010,WH_2,West,157,445,668,1336,16.7,27.59,0,0,MAT002
22-04-2025,PRD010,WH_2,North,198,247,668,1336,16.7,27.59,0,0,MAT002
23-04-2025,PRD010,WH_3,West,177,70,668,1336,16.7,27.59,0,0,MAT002
24-04-2025,PRD010,WH_1,North,163,0,668,1336,16.7,27.59,0,1,MAT002
25-04-2025,PRD010,WH_1,North,146,0,668,1336,16.7,27.59,0,1,MAT002
26-04-2025,PRD010,WH_2,West,82,1254,668,1336,16.7,27.59,0,0,MAT002
27-04-2025,PRD010,WH_3,South,109,1145,668,1336,16.7,27.59,0,0,MAT002
28-04-2025,PRD010,WH_1,East,120,1025,668,1336,16.7,27.59,0,0,MAT002
29-04-2025,PRD010,WH_3,South,241,784,668,1336,16.7,27.59,1,0,MAT002
30-04-2025,PRD010,WH_2,North,201,583,668,1336,16.7,27.59,0,0,MAT002
01-05-2025,PRD010,WH_3,West,217,366,668,1336,16.7,27.59,1,0,MAT002
02-05-2025,PRD010,WH_2,South,205,161,668,1336,16.7,27.59,1,0,MAT002
03-05-2025,PRD010,WH_1,West,102,59,668,1336,16.7,27.59,0,0,MAT002
04-05-2025,PRD010,WH_2,North,103,0,668,1336,16.7,27.59,0,1,MAT002
05-05-2025,PRD010,WH_3,South,117,0,668,1336,16.7,27.59,0,1,MAT002
06-05-2025,PRD010,WH_1,North,166,1170,668,1336,16.7,27.59,0,0,MAT002
07-05-2025,PRD010,WH_1,South,216,954,668,1336,16.7,27.59,1,0,MAT002
08-05-2025,PRD010,WH_2,North,151,803,668,1336,16.7,27.59,0,0,MAT002
09-05-2025,PRD010,WH_2,East,132,671,668,1336,16.7,27.59,0,0,MAT002
10-05-2025,PRD010,WH_2,North,76,595,668,1336,16.7,27.59,0,0,MAT002
11-05-2025,PRD010,WH_3,West,102,493,668,1336,16.7,27.59,0,0,MAT002
12-05-2025,PRD010,WH_1,South,88,405,668,1336,16.7,27.59,0,0,MAT002
13-05-2025,PRD010,WH_1,West,171,234,668,1336,16.7,27.59,1,0,MAT002
14-05-2025,PRD010,WH_2,East,164,70,668,1336,16.7,27.59,1,0,MAT002
15-05-2025,PRD010,WH_1,North,163,0,668,1336,16.7,27.59,0,1,MAT002
16-05-2025,PRD010,WH_3,North,105,1231,668,1336,16.7,27.59,0,0,MAT002
17-05-2025,PRD010,WH_2,South,66,1165,668,1336,16.7,27.59,0,0,MAT002
18-05-2025,PRD010,WH_1,North,92,1073,668,1336,16.7,27.59,0,0,MAT002
19-05-2025,PRD010,WH_2,East,113,960,668,1336,16.7,27.59,0,0,MAT002
20-05-2025,PRD010,WH_2,East,103,857,668,1336,16.7,27.59,0,0,MAT002
21-05-2025,PRD010,WH_3,East,220,637,668,1336,16.7,27.59,1,0,MAT002
22-05-2025,PRD010,WH_2,West,148,489,668,1336,16.7,27.59,0,0,MAT002
23-05-2025,PRD010,WH_2,West,111,378,668,1336,16.7,27.59,0,0,MAT002
24-05-2025,PRD010,WH_1,West,112,266,668,1336,16.7,27.59,1,0,MAT002
25-05-2025,PRD010,WH_1,East,69,197,668,1336,16.7,27.59,0,0,MAT002
26-05-2025,PRD010,WH_1,South,131,66,668,1336,16.7,27.59,0,0,MAT002
27-05-2025,PRD010,WH_2,East,133,1269,668,1336,16.7,27.59,0,0,MAT002
28-05-2025,PRD010,WH_3,North,211,1058,668,1336,16.7,27.59,1,0,MAT002
29-05-2025,PRD010,WH_3,West,116,942,668,1336,16.7,27.59,0,0,MAT002
30-05-2025,PRD010,WH_3,North,93,849,668,1336,16.7,27.59,0,0,MAT002
