event_id,reading_time,machine_id,hydraulic_pressure_bar,coolant_pressure_bar,air_system_pressure_bar,coolant_temp_c,hydraulic_oil_temp_c,spindle_bearing_temp_c,spindle_vibration_um,tool_vibration_um,spindle_speed_rpm,voltage_v,torque_nm,cutting_force_kn,machine_status,downtime_flag
EVT00001,01-05-2025 11:51:55,M01,70.45,4.38,4.61,46.2,75.5,58.3,3.635,31.84,16152,339.2,31.6,4.68,DOWN,1
EVT00002,01-05-2025 16:46:37,M01,91.89,4.93,5.1,46.9,76.1,68.7,3.064,33.63,16789,338.4,29.1,5.33,DOWN,1
EVT00003,02-05-2025 01:22:24,M01,119.93,6.74,6.83,27.6,44.1,28.7,1.66,21.77,25185,297.8,23.03,3.7,RUNNING,0
EVT00004,02-05-2025 05:48:50,M01,124.09,6.33,6.27,24.8,43.3,27.1,1.466,26.54,22126,343.0,21.13,3.14,RUNNING,0
EVT00005,02-05-2025 15:00:34,M01,124.97,6.44,6.06,26.5,47.6,24.0,1.415,26.78,21415,336.5,16.49,2.46,RUNNING,0
EVT00006,02-05-2025 21:51:36,M01,112.82,6.7,6.3,20.2,37.6,34.5,1.334,26.67,21407,340.7,19.51,2.55,RUNNING,0
EVT00007,03-05-2025 06:32:41,M01,112.84,6.45,6.78,20.6,44.6,33.0,1.125,25.8,20482,356.9,17.03,3.67,RUNNING,0
EVT00008,03-05-2025 10:51:19,M01,113.71,6.48,7.37,22.1,47.0,33.5,1.307,24.93,20699,302.7,10.9,3.61,RUNNING,0
EVT00009,03-05-2025 15:54:26,M01,91.14,5.25,4.53,36.5,70.4,64.1,2.349,40.51,18398,285.1,33.56,4.95,DOWN,1
EVT00010,03-05-2025 22:51:53,M01,131.98,6.13,5.7,28.4,40.3,30.8,1.358,27.32,24117,354.5,19.67,2.68,RUNNING,0
EVT00011,04-05-2025 05:47:46,M01,101.4,7.01,6.15,25.1,46.0,31.9,1.335,24.74,23570,331.7,25.56,2.56,RUNNING,0
EVT00012,04-05-2025 14:40:13,M01,113.89,6.95,5.85,24.4,46.6,33.3,1.346,27.85,22580,357.8,17.96,3.29,RUNNING,0
EVT00013,04-05-2025 20:07:19,M01,76.48,5.02,5.19,38.9,68.4,63.0,3.333,45.71,19659,344.8,34.0,4.72,DOWN,1
EVT00014,05-05-2025 05:48:47,M01,115.67,6.6,6.59,18.8,42.2,32.9,1.393,24.92,22866,350.2,15.28,2.74,RUNNING,0
EVT00015,05-05-2025 13:45:28,M01,119.41,7.2,6.62,22.5,39.9,29.1,1.202,25.83,23348,380.9,20.16,2.95,RUNNING,0
EVT00016,05-05-2025 21:11:16,M01,108.19,6.46,6.78,21.3,49.9,32.0,1.533,22.73,21386,345.8,19.27,3.29,RUNNING,0
EVT00017,06-05-2025 06:00:38,M01,118.57,6.39,6.21,24.2,42.0,24.0,1.129,21.81,23244,347.1,21.42,2.23,RUNNING,0
EVT00018,06-05-2025 11:57:06,M01,129.69,6.54,6.09,16.1,47.3,40.0,1.739,24.42,20860,346.1,21.51,3.05,RUNNING,0
EVT00019,06-05-2025 18:59:41,M01,129.83,6.39,6.03,15.5,42.6,27.6,1.326,23.99,22158,373.7,21.44,3.26,DOWN,1
EVT00020,07-05-2025 01:42:56,M01,82.03,5.12,4.98,35.5,76.5,66.3,3.991,46.17,20103,303.4,36.92,4.77,DOWN,1
EVT00021,07-05-2025 10:14:39,M01,85.35,4.04,4.79,42.6,66.9,60.8,3.616,44.47,19568,353.0,28.49,4.69,DOWN,1
EVT00022,07-05-2025 18:11:12,M01,102.65,6.77,6.59,22.3,34.9,31.8,0.987,30.03,23062,353.9,16.61,2.28,RUNNING,0
EVT00023,08-05-2025 03:36:28,M01,118.51,7.03,6.8,18.1,38.4,40.1,1.48,21.21,20144,339.1,19.62,2.64,RUNNING,0
EVT00024,08-05-2025 08:25:26,M01,135.98,6.41,5.95,24.2,50.5,30.4,1.455,22.49,22531,352.2,15.51,3.1,RUNNING,0
EVT00025,08-05-2025 15:11:20,M01,69.0,4.72,5.02,40.8,71.2,67.4,3.468,39.58,15833,318.8,23.01,4.76,DOWN,1
EVT00026,08-05-2025 20:42:40,M01,116.3,6.28,6.56,22.3,41.6,28.6,1.161,27.77,22809,349.8,18.29,3.22,RUNNING,0
EVT00027,09-05-2025 05:32:42,M01,83.74,4.87,4.7,33.8,73.7,61.7,3.256,44.14,15917,346.8,22.91,4.25,DOWN,1
EVT00028,09-05-2025 10:42:12,M01,129.01,6.23,6.08,24.6,47.9,23.9,1.285,18.41,21677,315.1,22.28,4.3,DOWN,1
EVT00029,09-05-2025 15:55:14,M01,115.94,6.23,6.23,24.2,43.3,28.5,0.999,23.76,21000,304.9,16.88,3.36,DOWN,1
EVT00030,09-05-2025 22:48:06,M01,110.23,6.45,6.08,25.0,42.5,31.7,1.143,20.56,24608,359.5,20.99,2.8,DOWN,1
EVT00031,10-05-2025 05:05:11,M01,144.64,6.55,6.17,20.0,35.1,37.0,1.094,27.63,24114,338.6,15.76,2.73,RUNNING,0
EVT00032,10-05-2025 11:45:00,M01,120.17,7.2,6.67,23.5,50.4,37.6,1.3,33.33,22128,335.0,22.29,2.94,RUNNING,0
EVT00033,10-05-2025 16:51:35,M01,128.91,6.79,6.09,23.6,40.0,35.5,1.459,24.46,24995,328.2,23.57,3.16,RUNNING,0
EVT00034,10-05-2025 23:13:18,M01,117.47,6.56,5.74,24.7,48.1,32.0,0.391,24.24,20409,323.7,17.17,3.68,RUNNING,0
EVT00035,11-05-2025 03:56:03,M01,115.07,7.41,6.55,25.8,46.0,32.6,1.579,30.72,19974,359.6,18.89,3.08,RUNNING,0
EVT00036,11-05-2025 10:23:53,M01,93.8,5.35,4.42,36.8,68.4,66.6,2.916,36.25,15317,317.2,41.01,4.53,DOWN,1
EVT00037,11-05-2025 16:23:09,M01,77.17,4.51,4.99,36.8,79.6,62.5,3.055,43.99,16410,354.7,27.64,5.05,DOWN,1
EVT00038,11-05-2025 20:51:07,M01,136.97,6.39,6.78,23.8,45.5,31.0,1.109,29.58,23895,359.6,17.5,2.68,RUNNING,0
EVT00039,12-05-2025 03:33:16,M01,108.37,6.9,6.92,23.5,51.9,26.7,1.405,21.94,24087,331.9,20.84,3.82,RUNNING,0
EVT00040,12-05-2025 10:05:32,M01,117.21,7.14,6.91,18.5,44.2,32.2,0.966,26.31,24691,340.7,21.68,3.64,RUNNING,0
EVT00041,12-05-2025 18:55:15,M01,87.64,5.18,5.43,42.8,67.7,53.2,3.66,46.0,16962,343.4,23.89,5.64,DOWN,1
EVT00042,13-05-2025 02:26:00,M01,90.5,5.0,4.63,39.8,68.9,68.3,3.847,37.9,15247,317.3,31.11,4.35,RUNNING,0
EVT00043,13-05-2025 11:15:35,M01,82.86,5.8,5.14,35.4,64.3,62.0,3.202,45.33,17422,348.8,22.07,4.09,DOWN,1
EVT00044,13-05-2025 16:31:51,M01,74.31,4.8,5.05,45.8,73.2,55.9,4.147,39.27,18160,346.4,27.55,4.65,DOWN,1
EVT00045,13-05-2025 23:00:20,M01,116.89,6.74,6.07,18.4,45.4,31.6,1.161,26.56,23491,351.7,18.52,2.65,RUNNING,0
EVT00046,14-05-2025 06:48:15,M01,78.72,5.05,4.81,43.0,76.4,58.4,3.875,40.55,17401,333.6,21.25,4.11,DOWN,1
EVT00047,14-05-2025 14:46:58,M01,87.29,4.53,5.18,47.2,70.2,56.7,3.057,40.34,16211,365.6,23.08,3.87,DOWN,1
EVT00048,14-05-2025 23:49:31,M01,113.37,6.42,5.8,18.4,45.0,34.2,1.788,24.75,20463,346.9,18.63,2.99,RUNNING,0
EVT00049,15-05-2025 08:14:17,M01,126.51,7.17,6.52,26.1,42.2,30.8,1.604,20.89,21895,334.7,22.39,3.02,RUNNING,0
EVT00050,15-05-2025 16:02:43,M01,128.69,6.6,6.84,24.0,47.4,27.9,1.722,25.66,18377,327.9,23.98,3.1,RUNNING,0
EVT00051,16-05-2025 01:04:00,M01,80.38,4.58,4.78,37.9,76.3,61.4,3.597,42.44,16860,372.3,25.92,5.5,DOWN,1
EVT00052,16-05-2025 09:10:23,M01,102.52,6.11,6.65,22.7,42.3,22.0,1.196,21.75,21413,343.7,21.55,2.69,RUNNING,0
EVT00053,16-05-2025 16:26:07,M01,133.04,6.09,5.82,18.4,37.4,33.3,0.907,20.77,23069,321.6,21.47,3.52,RUNNING,0
EVT00054,16-05-2025 21:20:44,M01,117.5,6.67,5.9,21.1,45.5,38.0,1.545,26.98,22619,323.9,18.77,2.52,RUNNING,0
EVT00055,17-05-2025 03:01:59,M01,127.19,7.07,6.43,20.1,43.8,29.1,1.397,23.92,22352,313.0,21.08,2.8,RUNNING,0
EVT00056,17-05-2025 09:25:13,M01,127.92,6.05,5.79,25.3,42.4,31.6,1.002,27.74,22948,320.2,19.72,2.63,RUNNING,0
EVT00057,17-05-2025 18:16:11,M01,120.05,7.03,6.49,21.7,44.4,32.4,1.22,25.53,20940,317.9,19.32,2.4,RUNNING,0
EVT00058,18-05-2025 03:07:07,M01,134.7,5.94,5.92,23.9,46.5,30.9,1.468,22.61,21900,339.5,18.09,2.88,RUNNING,0
EVT00059,18-05-2025 12:25:54,M01,111.01,6.34,6.88,23.9,46.2,33.8,1.337,30.46,22637,337.8,15.97,3.36,DOWN,1
EVT00060,18-05-2025 20:19:53,M01,117.22,6.79,6.18,25.9,40.1,28.0,1.772,20.41,22459,353.0,24.55,3.09,RUNNING,0
EVT00061,19-05-2025 01:50:01,M01,68.05,4.67,4.99,40.9,84.3,61.4,3.715,44.66,17810,348.9,29.66,4.56,DOWN,1
EVT00062,19-05-2025 06:46:37,M01,113.23,6.66,7.02,22.3,51.4,32.7,1.183,25.35,22032,349.6,13.06,3.45,RUNNING,0
EVT00063,19-05-2025 15:08:29,M01,130.56,6.58,6.51,18.3,41.9,33.5,1.472,27.8,20131,357.9,14.57,3.33,RUNNING,0
EVT00064,19-05-2025 23:32:22,M01,121.03,6.79,5.99,17.1,44.7,34.1,1.502,23.92,23663,305.4,20.46,3.63,RUNNING,0
EVT00065,20-05-2025 05:07:26,M01,125.45,5.99,6.28,25.6,43.6,30.8,1.772,21.79,24349,339.3,22.06,3.01,RUNNING,0
EVT00066,20-05-2025 09:12:55,M01,117.87,6.46,6.27,22.1,35.0,32.4,1.042,19.4,21974,353.4,17.86,3.61,RUNNING,0
EVT00067,20-05-2025 18:27:32,M01,120.92,7.29,6.49,24.1,42.4,34.7,1.188,19.5,21967,349.6,15.45,3.14,RUNNING,0
EVT00068,20-05-2025 23:14:08,M01,117.36,6.85,6.86,20.3,39.6,39.8,1.197,25.27,21390,361.3,19.65,3.79,RUNNING,0
EVT00069,21-05-2025 03:15:38,M01,115.83,6.15,6.49,26.7,44.6,30.8,0.963,26.07,20642,332.3,15.6,3.46,RUNNING,0
EVT00070,21-05-2025 11:07:31,M01,127.11,6.67,6.1,20.9,43.2,33.2,1.189,24.63,22569,330.4,18.89,2.79,RUNNING,0
EVT00071,21-05-2025 18:10:58,M01,119.58,6.16,6.01,30.3,45.0,36.9,1.457,27.95,22201,345.3,23.82,3.44,DOWN,1
EVT00072,21-05-2025 22:15:26,M01,120.95,6.75,7.1,19.4,48.6,30.5,1.581,24.0,23119,321.1,18.52,2.41,RUNNING,0
EVT00073,22-05-2025 04:34:30,M01,110.6,6.52,6.16,19.5,43.9,26.1,1.238,24.62,18779,350.2,17.43,3.29,RUNNING,0
EVT00074,22-05-2025 11:48:57,M01,121.2,6.93,6.05,22.4,48.6,28.6,1.338,21.76,22258,348.6,20.34,2.14,RUNNING,0
EVT00075,22-05-2025 18:10:06,M01,112.46,6.85,6.27,24.6,45.5,30.2,1.522,23.22,24285,390.9,22.96,3.52,RUNNING,0
EVT00076,22-05-2025 23:00:37,M01,121.12,6.15,6.92,21.3,47.7,36.6,1.381,22.92,21988,335.2,10.97,3.05,RUNNING,0
EVT00077,23-05-2025 04:54:13,M01,131.02,6.58,7.14,21.3,44.9,30.3,1.822,25.54,25692,356.7,17.74,3.71,RUNNING,0
EVT00078,23-05-2025 12:21:03,M01,112.75,6.7,5.79,22.7,48.4,34.2,0.83,19.3,23245,339.9,23.74,2.71,RUNNING,0
EVT00079,23-05-2025 17:00:29,M01,127.46,6.65,6.99,19.4,44.5,32.0,1.157,23.85,21955,364.1,19.52,3.22,RUNNING,0
EVT00080,24-05-2025 00:24:17,M01,129.44,6.22,6.25,21.2,41.5,26.2,1.029,26.95,22494,329.6,20.51,2.9,RUNNING,0
EVT00081,24-05-2025 09:18:33,M01,104.43,6.73,6.71,21.3,48.8,28.6,1.401,30.23,22555,348.1,18.32,3.06,RUNNING,0
EVT00082,24-05-2025 17:00:04,M01,79.77,4.57,4.92,31.8,69.6,57.7,3.52,47.77,17082,341.9,22.31,4.14,DOWN,1
EVT00083,24-05-2025 21:38:59,M01,128.74,6.51,6.84,20.3,47.9,30.9,0.766,26.78,24596,316.1,17.78,3.73,RUNNING,0
EVT00084,25-05-2025 06:57:28,M01,115.96,6.65,6.19,21.9,45.1,29.3,1.168,23.06,20691,346.6,21.29,3.78,RUNNING,0
EVT00085,25-05-2025 13:39:33,M01,129.76,5.69,6.25,25.2,39.4,33.7,1.313,20.64,22630,348.0,17.15,3.27,RUNNING,0
EVT00086,25-05-2025 17:41:56,M01,111.89,6.59,6.08,26.1,46.7,34.7,1.714,24.01,21676,352.4,17.94,2.46,RUNNING,0
EVT00087,25-05-2025 23:41:38,M01,120.49,6.44,6.75,23.2,40.8,35.9,1.419,20.77,22878,342.5,16.85,2.8,RUNNING,0
EVT00088,26-05-2025 07:45:51,M01,128.29,6.32,6.19,25.0,37.9,36.0,0.718,24.26,20101,363.0,15.83,3.62,RUNNING,0
EVT00089,26-05-2025 13:11:09,M01,87.72,5.09,4.58,37.7,66.3,68.3,3.163,40.13,17125,314.4,34.42,4.12,DOWN,1
EVT00090,26-05-2025 17:52:48,M01,120.46,7.25,6.68,24.3,39.8,29.1,1.603,26.42,23835,345.2,19.22,2.99,RUNNING,0
EVT00091,27-05-2025 03:21:44,M01,128.93,6.78,6.16,26.5,45.0,33.1,1.465,27.01,22940,354.9,18.43,3.89,RUNNING,0
EVT00092,27-05-2025 09:43:51,M01,131.17,6.48,6.64,23.8,41.4,37.0,1.413,23.7,24155,355.0,16.51,3.09,DOWN,1
EVT00093,27-05-2025 17:09:07,M01,126.06,6.45,7.13,20.8,38.4,35.4,0.555,29.48,22652,347.7,14.72,2.72,RUNNING,0
EVT00094,27-05-2025 23:18:53,M01,118.86,6.41,6.6,24.9,48.6,29.5,1.191,23.09,22744,345.9,16.67,2.93,RUNNING,0
EVT00095,28-05-2025 04:04:13,M01,120.44,6.37,6.48,20.2,46.3,30.9,1.261,25.66,24902,356.0,20.14,3.13,RUNNING,0
EVT00096,28-05-2025 10:26:42,M01,119.74,6.68,6.07,22.6,43.7,31.8,1.57,21.07,25550,305.5,18.9,3.33,RUNNING,0
EVT00097,28-05-2025 15:01:59,M01,129.25,6.05,6.06,23.5,45.9,33.8,0.905,20.21,23308,331.4,23.3,2.96,RUNNING,0
EVT00098,28-05-2025 20:41:35,M01,132.56,6.97,6.47,17.1,41.2,29.8,0.976,25.57,22817,347.2,13.98,3.42,RUNNING,0
EVT00099,29-05-2025 03:57:27,M01,95.07,4.74,5.51,36.4,79.2,55.5,4.674,36.19,18584,318.2,28.55,4.96,DOWN,1
EVT00100,29-05-2025 10:12:02,M01,141.36,6.63,5.22,23.9,46.8,29.1,0.987,24.94,24303,335.4,19.3,3.69,RUNNING,0
EVT00101,29-05-2025 15:23:24,M01,110.53,6.51,6.61,23.2,46.5,35.5,1.359,24.17,23279,376.6,25.71,2.5,RUNNING,0
EVT00102,29-05-2025 20:38:55,M01,130.38,6.01,6.68,22.2,43.8,30.7,1.594,24.66,21805,330.6,17.66,2.96,RUNNING,0
EVT00103,30-05-2025 01:26:10,M01,130.93,6.7,6.21,20.0,45.2,31.5,1.175,25.79,23279,327.7,19.81,3.03,RUNNING,0
EVT00104,30-05-2025 05:46:45,M01,110.53,7.06,6.02,23.1,46.0,32.0,0.457,26.17,24489,313.5,21.36,2.25,RUNNING,0
EVT00105,30-05-2025 11:13:32,M01,124.92,6.63,6.17,27.0,43.8,25.7,1.57,25.66,24172,340.3,20.72,4.06,RUNNING,0
EVT00106,30-05-2025 19:37:18,M01,127.06,6.48,6.72,14.2,43.7,31.6,1.158,22.37,23859,350.0,17.49,3.18,RUNNING,0
EVT00107,31-05-2025 04:47:27,M01,91.73,4.86,4.7,39.4,70.6,62.8,3.453,36.82,16667,376.2,23.9,4.51,RUNNING,0
EVT00108,31-05-2025 10:49:29,M01,122.91,6.69,6.31,22.5,42.6,39.5,1.075,26.02,18706,329.8,21.47,3.57,RUNNING,0
EVT00109,31-05-2025 16:32:19,M01,88.73,4.69,5.65,37.3,85.5,66.2,3.816,35.84,18364,347.2,32.42,3.54,DOWN,1
EVT00110,31-05-2025 21:26:03,M01,129.93,6.25,6.22,21.1,46.0,25.1,1.051,19.83,22030,350.7,21.17,3.4,RUNNING,0
EVT00111,01-06-2025 06:46:17,M01,120.26,5.41,6.76,21.6,42.9,33.3,0.773,25.22,23301,320.1,20.09,2.86,RUNNING,0
EVT00112,01-06-2025 16:29:07,M01,123.66,6.47,6.89,23.9,44.3,33.0,1.42,25.72,19785,331.9,22.27,3.15,RUNNING,0
EVT00113,02-06-2025 01:41:00,M01,113.75,6.81,6.92,23.9,39.8,28.9,1.608,21.07,25652,333.2,24.63,3.95,RUNNING,0
EVT00114,02-06-2025 08:14:34,M01,116.09,6.16,6.29,20.7,49.0,29.5,1.229,27.95,24419,360.5,19.63,3.25,RUNNING,0
EVT00115,02-06-2025 16:42:37,M01,135.4,6.32,6.64,23.2,43.8,31.2,0.902,26.57,22070,329.5,15.07,2.69,RUNNING,0
EVT00116,03-06-2025 01:28:08,M01,129.1,6.55,6.28,23.1,49.6,26.5,1.697,27.88,22467,329.2,22.55,2.97,RUNNING,0
EVT00117,03-06-2025 08:57:37,M01,120.89,6.87,6.82,20.5,47.0,28.1,0.555,22.76,23751,340.4,18.96,2.89,RUNNING,0
EVT00118,03-06-2025 13:11:45,M01,120.48,6.65,5.85,18.9,42.5,32.0,1.204,23.33,21603,295.6,17.81,3.22,RUNNING,0
EVT00119,03-06-2025 17:32:27,M01,125.51,7.07,6.1,25.8,39.0,32.5,1.127,25.14,21016,343.8,20.31,3.73,RUNNING,0
EVT00120,03-06-2025 22:39:03,M01,95.88,4.63,4.85,36.0,72.6,60.0,3.718,37.46,15977,376.9,31.85,5.3,DOWN,1
EVT00121,01-05-2025 12:43:18,M02,126.23,7.2,6.9,19.7,47.2,33.1,1.142,19.68,20189,354.3,17.91,2.51,RUNNING,0
EVT00122,01-05-2025 18:34:39,M02,76.44,4.92,5.1,34.3,68.2,53.7,3.655,40.66,16925,330.1,29.49,4.76,DOWN,1
EVT00123,02-05-2025 02:17:56,M02,119.28,7.42,6.25,23.9,45.9,37.6,0.957,29.02,22278,336.1,26.5,3.25,RUNNING,0
EVT00124,02-05-2025 10:35:55,M02,120.32,6.89,6.26,22.4,40.2,38.9,0.833,25.51,23219,350.5,18.96,2.6,RUNNING,0
EVT00125,02-05-2025 17:15:51,M02,88.1,4.45,5.15,39.2,70.8,60.3,2.831,36.7,16610,311.0,25.42,4.96,DOWN,1
EVT00126,02-05-2025 22:54:00,M02,81.43,4.96,5.13,49.6,77.8,51.8,3.22,38.93,17862,328.0,26.27,4.33,DOWN,1
EVT00127,03-05-2025 03:52:54,M02,111.31,6.99,6.59,18.7,44.1,25.7,1.603,29.84,22416,337.9,16.44,2.83,RUNNING,0
EVT00128,03-05-2025 09:06:22,M02,92.77,4.87,4.44,36.9,72.3,54.0,3.552,43.22,17818,308.7,32.02,3.67,DOWN,1
EVT00129,03-05-2025 18:28:55,M02,123.67,6.09,5.96,23.9,46.0,27.6,1.318,20.45,23436,363.2,16.35,3.13,RUNNING,0
EVT00130,04-05-2025 03:07:52,M02,123.68,7.46,6.7,22.8,40.7,29.5,1.404,22.34,22504,383.6,23.31,3.16,RUNNING,0
EVT00131,04-05-2025 10:42:23,M02,131.01,6.49,6.69,21.7,38.6,42.4,0.778,25.89,22928,342.8,20.55,3.06,RUNNING,0
EVT00132,04-05-2025 14:51:13,M02,84.45,4.27,5.71,42.1,73.0,56.9,2.898,43.44,16760,358.0,32.48,3.92,DOWN,1
EVT00133,05-05-2025 00:09:51,M02,90.93,4.27,5.57,41.9,68.5,54.5,3.894,40.84,17723,336.0,30.11,4.1,DOWN,1
EVT00134,05-05-2025 04:10:56,M02,127.75,6.97,7.49,24.2,44.5,29.3,1.064,18.86,23685,342.6,15.2,3.46,RUNNING,0
EVT00135,05-05-2025 09:41:48,M02,130.48,6.59,6.04,25.8,40.1,25.8,1.35,28.66,21892,361.9,20.21,2.93,RUNNING,0
EVT00136,05-05-2025 16:53:19,M02,109.14,6.97,5.95,24.1,47.1,30.0,1.15,28.0,21287,372.2,16.27,3.01,RUNNING,0
EVT00137,06-05-2025 02:11:50,M02,129.31,5.93,6.5,22.9,49.2,37.6,0.917,25.5,21644,343.9,18.12,3.35,RUNNING,0
EVT00138,06-05-2025 06:40:39,M02,123.11,6.65,5.96,27.8,46.0,32.5,1.226,26.08,23657,375.1,21.69,3.74,DOWN,1
EVT00139,06-05-2025 16:27:47,M02,71.66,4.83,5.52,36.9,72.4,60.8,3.871,38.45,15695,376.8,32.28,4.23,DOWN,1
EVT00140,07-05-2025 02:18:55,M02,127.79,6.87,6.55,22.4,46.0,29.8,0.879,24.0,24437,331.7,15.3,2.61,RUNNING,0
EVT00141,07-05-2025 10:21:16,M02,124.49,6.35,6.91,25.2,44.1,31.9,1.312,24.06,20053,350.2,21.25,3.38,RUNNING,0
EVT00142,07-05-2025 18:45:27,M02,120.21,6.53,7.06,26.4,40.5,33.4,1.891,23.13,22483,330.5,20.54,2.86,RUNNING,0
EVT00143,08-05-2025 00:00:45,M02,90.22,4.48,5.02,42.3,66.0,57.2,3.574,42.81,16191,350.4,30.61,4.46,DOWN,1
EVT00144,08-05-2025 09:46:21,M02,117.5,6.78,6.59,30.1,42.7,31.4,1.006,21.9,21815,334.1,21.0,3.39,RUNNING,0
EVT00145,08-05-2025 19:27:20,M02,116.34,6.08,6.94,28.5,36.3,33.2,1.282,25.63,21610,325.2,22.07,3.26,RUNNING,0
EVT00146,09-05-2025 00:35:46,M02,113.1,7.02,5.55,21.6,41.5,30.7,1.278,26.19,23459,367.7,21.26,3.03,RUNNING,0
EVT00147,09-05-2025 06:59:48,M02,118.14,6.75,6.01,20.6,35.3,30.4,1.519,24.54,22355,357.8,19.83,2.7,RUNNING,0
EVT00148,09-05-2025 11:11:15,M02,95.11,5.07,4.61,38.6,81.7,61.6,3.49,36.56,16862,334.3,32.87,4.61,DOWN,1
EVT00149,09-05-2025 18:28:18,M02,125.07,6.78,5.93,23.8,48.3,31.0,1.493,26.64,23741,340.7,19.15,3.45,RUNNING,0
EVT00150,10-05-2025 03:15:23,M02,93.76,4.74,4.68,33.4,70.6,62.6,3.781,34.4,18762,348.3,26.1,4.54,DOWN,1
EVT00151,10-05-2025 11:02:44,M02,135.55,6.76,6.17,24.4,51.8,34.6,1.484,20.22,23080,342.2,18.2,2.83,DOWN,1
EVT00152,10-05-2025 17:56:28,M02,119.41,6.88,6.49,24.1,47.9,34.2,1.198,18.74,23270,366.7,16.26,3.07,RUNNING,0
EVT00153,11-05-2025 00:44:14,M02,110.27,6.73,6.5,19.4,43.9,34.4,0.831,22.02,21533,341.1,18.36,3.38,RUNNING,0
EVT00154,11-05-2025 10:41:57,M02,79.78,5.07,5.3,41.7,81.0,61.6,2.412,40.39,16143,367.0,35.54,5.08,DOWN,1
EVT00155,11-05-2025 18:59:17,M02,84.37,5.36,4.11,41.8,77.5,59.6,3.724,40.41,15823,309.5,26.76,4.96,DOWN,1
EVT00156,12-05-2025 04:19:13,M02,111.21,6.63,6.71,23.1,39.7,33.9,1.511,31.64,24662,317.0,15.98,3.44,RUNNING,0
EVT00157,12-05-2025 09:54:18,M02,130.37,6.19,6.41,24.5,37.1,25.2,1.246,25.5,19741,341.2,20.16,3.53,RUNNING,0
EVT00158,12-05-2025 17:57:08,M02,107.45,6.24,6.24,20.4,49.9,34.5,0.867,24.36,24195,364.3,17.06,3.44,RUNNING,0
EVT00159,12-05-2025 22:06:26,M02,116.62,7.59,6.5,26.4,42.6,34.0,1.363,22.21,21062,332.7,18.39,3.54,RUNNING,0
EVT00160,13-05-2025 07:00:24,M02,130.83,6.15,6.03,22.6,51.5,29.4,0.68,20.79,23897,339.4,14.94,3.58,RUNNING,0
EVT00161,13-05-2025 11:52:26,M02,121.9,6.12,6.94,19.9,45.8,27.9,1.04,23.88,26972,309.9,18.96,2.77,RUNNING,0
EVT00162,13-05-2025 19:12:40,M02,119.5,7.34,6.53,25.7,40.4,31.2,1.261,22.82,23100,361.8,20.85,3.32,RUNNING,0
EVT00163,14-05-2025 00:54:25,M02,132.33,6.16,5.72,20.4,45.5,37.1,1.002,30.44,22540,337.0,18.65,2.76,RUNNING,0
EVT00164,14-05-2025 07:00:22,M02,123.95,6.92,7.07,24.8,47.9,32.2,1.42,24.9,22469,350.0,19.36,2.94,DOWN,1
EVT00165,14-05-2025 16:08:21,M02,101.0,5.22,4.82,41.8,79.1,55.3,4.407,36.9,18350,358.2,30.03,4.57,DOWN,1
EVT00166,14-05-2025 20:51:22,M02,130.08,7.32,6.13,26.0,47.2,31.6,1.601,24.51,23276,351.0,15.24,2.62,RUNNING,0
EVT00167,15-05-2025 00:53:38,M02,135.98,6.78,5.82,22.7,40.7,32.4,0.919,21.41,19106,353.9,19.5,2.18,RUNNING,0
EVT00168,15-05-2025 05:17:52,M02,120.26,6.27,6.47,19.9,43.6,30.6,1.197,29.91,22799,334.5,20.51,2.85,RUNNING,0
EVT00169,15-05-2025 13:48:51,M02,116.8,6.44,6.21,21.5,44.7,30.5,1.649,33.04,21648,320.1,19.88,3.52,DOWN,1
EVT00170,15-05-2025 18:31:03,M02,87.55,5.38,5.21,39.8,67.1,57.5,4.002,42.73,16720,344.4,37.07,4.52,DOWN,1
EVT00171,15-05-2025 23:50:41,M02,85.37,4.73,4.89,37.1,65.2,61.5,3.133,37.86,16866,353.2,30.21,4.6,DOWN,1
EVT00172,16-05-2025 05:17:25,M02,127.07,6.45,6.18,29.4,40.9,23.1,0.988,18.98,21073,363.9,16.42,3.11,RUNNING,0
EVT00173,16-05-2025 12:55:23,M02,118.21,6.93,6.54,26.6,42.6,30.1,1.324,28.09,23737,348.2,19.97,3.19,RUNNING,0
EVT00174,16-05-2025 17:34:19,M02,82.08,4.62,5.06,31.5,71.3,64.4,3.137,40.75,20164,335.0,31.33,3.48,DOWN,1
EVT00175,17-05-2025 03:08:45,M02,82.64,5.27,4.46,39.2,73.1,61.7,3.473,30.35,17124,344.8,29.4,5.03,DOWN,1
EVT00176,17-05-2025 07:17:46,M02,130.0,6.71,7.26,21.1,39.3,32.0,1.088,17.6,21521,340.8,20.03,3.08,RUNNING,0
EVT00177,17-05-2025 15:07:27,M02,79.87,5.15,4.46,38.0,80.5,54.9,3.071,34.99,15759,333.5,30.55,4.95,DOWN,1
EVT00178,17-05-2025 21:11:00,M02,108.43,6.89,6.72,22.9,45.8,35.5,1.23,29.18,20964,311.3,17.95,2.91,RUNNING,0
EVT00179,18-05-2025 02:34:46,M02,134.8,6.58,6.18,25.0,48.1,29.1,0.601,19.52,22892,333.0,23.62,2.58,RUNNING,0
EVT00180,18-05-2025 12:25:50,M02,124.2,6.96,6.75,19.2,46.8,27.9,1.149,28.42,22621,296.4,22.31,3.62,RUNNING,0
EVT00181,18-05-2025 17:54:31,M02,87.05,4.96,5.26,43.5,70.5,64.8,3.227,40.97,17300,322.2,26.56,4.23,DOWN,1
EVT00182,19-05-2025 01:23:00,M02,120.37,6.87,6.53,20.4,46.1,29.8,1.722,26.29,21449,335.5,20.03,2.73,RUNNING,0
EVT00183,19-05-2025 08:51:01,M02,140.28,6.64,6.23,21.2,45.9,29.4,0.872,24.9,22440,330.6,17.75,2.74,RUNNING,0
EVT00184,19-05-2025 17:08:50,M02,102.81,5.33,5.68,37.7,80.4,61.1,3.893,41.83,16485,337.5,32.88,4.84,DOWN,1
EVT00185,20-05-2025 02:41:23,M02,88.76,4.5,5.0,39.6,71.0,56.6,3.857,41.38,17366,345.5,38.2,4.84,DOWN,1
EVT00186,20-05-2025 12:22:50,M02,122.73,5.53,6.51,23.9,43.1,31.6,0.825,29.16,21994,332.8,16.08,3.32,RUNNING,0
EVT00187,20-05-2025 17:50:40,M02,120.75,7.14,6.59,22.9,47.4,32.1,1.32,25.45,23384,370.1,17.67,2.64,RUNNING,0
EVT00188,20-05-2025 23:59:03,M02,117.21,6.95,6.5,33.0,42.8,38.1,1.69,26.6,22555,322.5,19.28,3.1,RUNNING,0
EVT00189,21-05-2025 04:06:39,M02,71.19,5.14,5.33,37.5,77.2,52.1,3.412,39.49,17131,337.8,30.33,4.56,DOWN,1
EVT00190,21-05-2025 13:51:39,M02,138.84,6.35,6.5,24.7,42.8,37.5,1.364,24.39,24556,356.0,15.95,2.87,RUNNING,0
EVT00191,21-05-2025 18:44:31,M02,118.79,7.05,6.5,20.4,40.3,38.1,0.984,25.82,24526,377.4,20.63,2.8,RUNNING,0
EVT00192,22-05-2025 03:40:01,M02,123.78,6.51,6.63,18.6,43.2,34.7,1.404,23.28,20967,343.1,19.64,2.58,RUNNING,0
EVT00193,22-05-2025 07:56:47,M02,115.74,5.98,6.6,20.6,45.6,34.2,1.49,25.76,24187,328.9,23.16,3.2,RUNNING,0
EVT00194,22-05-2025 15:19:31,M02,125.65,6.87,6.16,27.9,43.1,28.8,1.028,29.71,20833,325.3,16.75,4.26,RUNNING,0
EVT00195,22-05-2025 19:54:06,M02,121.58,6.89,7.01,17.3,38.7,31.5,2.036,27.66,23059,338.0,15.33,2.25,RUNNING,0
EVT00196,23-05-2025 04:33:52,M02,79.01,4.41,5.46,36.5,70.6,59.8,3.753,36.59,18467,320.6,27.68,4.52,DOWN,1
EVT00197,23-05-2025 10:34:59,M02,123.28,6.55,7.25,23.0,44.8,30.7,1.245,27.89,22087,354.8,12.67,3.31,RUNNING,0
EVT00198,23-05-2025 17:35:01,M02,113.21,6.39,6.26,18.6,48.4,25.5,1.529,26.27,22201,346.0,20.04,3.23,RUNNING,0
EVT00199,23-05-2025 22:01:25,M02,123.57,5.55,5.63,24.7,42.3,28.6,1.184,23.81,21017,331.6,14.08,2.31,RUNNING,0
EVT00200,24-05-2025 05:35:41,M02,123.64,6.55,6.42,23.3,42.2,27.1,1.43,29.78,24988,336.5,17.34,2.81,RUNNING,0
EVT00201,24-05-2025 10:23:35,M02,108.96,6.62,4.99,22.7,40.2,35.1,1.514,28.21,21980,307.1,15.59,2.77,RUNNING,0
EVT00202,24-05-2025 17:21:30,M02,124.8,5.89,6.03,17.3,48.1,31.4,1.371,25.19,23202,348.1,17.99,3.02,RUNNING,0
EVT00203,24-05-2025 23:04:07,M02,134.25,5.89,6.34,21.8,49.1,30.7,1.339,17.99,20229,344.9,25.28,3.12,RUNNING,0
EVT00204,25-05-2025 06:44:25,M02,73.38,4.48,4.73,44.5,74.3,63.2,3.387,43.29,15689,339.7,27.07,4.8,DOWN,1
EVT00205,25-05-2025 14:35:41,M02,131.24,6.35,5.7,20.9,40.4,35.3,1.476,21.91,21368,355.8,14.56,3.15,RUNNING,0
EVT00206,25-05-2025 20:28:21,M02,72.66,4.55,5.28,37.8,63.9,64.0,3.111,44.25,16972,368.7,28.89,5.28,DOWN,1
EVT00207,26-05-2025 06:10:44,M02,86.37,4.63,4.6,38.5,66.9,69.8,3.159,44.64,18540,351.4,31.45,4.53,DOWN,1
EVT00208,26-05-2025 15:29:10,M02,106.25,7.2,5.35,23.6,43.1,32.6,0.858,26.05,22809,310.0,27.28,3.15,RUNNING,0
EVT00209,27-05-2025 00:28:10,M02,122.96,6.71,7.08,23.8,40.9,29.5,1.445,26.34,20204,323.9,20.54,2.67,RUNNING,0
EVT00210,27-05-2025 07:45:20,M02,132.95,6.76,6.9,31.7,44.2,38.0,0.99,28.76,21288,314.5,18.94,3.31,RUNNING,0
EVT00211,27-05-2025 15:09:34,M02,117.86,6.04,6.37,22.6,44.7,34.1,1.34,22.7,21883,309.9,21.78,2.88,DOWN,1
EVT00212,27-05-2025 22:10:12,M02,69.2,4.37,4.33,43.2,62.4,59.6,3.759,40.75,16340,295.2,31.39,5.12,RUNNING,0
EVT00213,28-05-2025 04:20:07,M02,84.74,4.01,4.78,36.5,65.9,59.3,3.132,38.12,18109,330.9,31.02,4.35,DOWN,1
EVT00214,28-05-2025 10:02:52,M02,112.46,7.18,6.63,14.8,44.3,36.2,1.317,23.76,22408,327.9,19.53,3.41,RUNNING,0
EVT00215,28-05-2025 19:51:34,M02,133.02,7.79,6.2,19.4,42.9,36.4,1.572,31.82,22444,339.2,20.46,2.82,RUNNING,0
EVT00216,29-05-2025 00:36:15,M02,105.75,6.3,6.51,24.1,43.8,39.5,1.671,22.95,24914,339.0,24.29,3.05,RUNNING,0
EVT00217,29-05-2025 10:09:35,M02,131.35,6.77,6.18,20.2,41.0,31.3,1.474,22.42,23852,356.9,19.59,3.16,RUNNING,0
EVT00218,29-05-2025 15:38:26,M02,118.96,6.74,6.95,23.2,50.8,29.2,1.039,24.08,21274,363.0,22.48,1.99,RUNNING,0
EVT00219,30-05-2025 01:09:02,M02,138.38,6.63,6.87,30.3,45.6,31.8,1.471,28.55,22441,363.9,17.55,3.79,RUNNING,0
EVT00220,30-05-2025 06:46:51,M02,78.21,4.46,5.24,35.5,72.6,67.7,2.508,41.61,18817,323.2,29.9,4.14,DOWN,1
EVT00221,30-05-2025 16:03:28,M02,80.89,4.99,5.53,41.3,78.7,67.9,3.107,41.1,16362,349.7,24.07,4.78,DOWN,1
EVT00222,31-05-2025 00:32:53,M02,108.23,6.87,6.24,21.5,48.5,30.7,1.233,24.4,23261,364.2,22.13,3.43,RUNNING,0
EVT00223,31-05-2025 06:25:48,M02,119.78,7.02,5.93,25.7,43.8,30.3,1.529,22.59,25928,343.5,18.47,3.16,RUNNING,0
EVT00224,31-05-2025 11:05:06,M02,117.26,6.76,6.83,25.3,46.7,36.2,1.343,18.57,24663,340.9,16.49,3.23,RUNNING,0
EVT00225,31-05-2025 17:14:12,M02,76.98,5.13,4.32,36.5,74.1,54.9,3.128,40.33,17423,314.5,25.81,4.67,DOWN,1
EVT00226,31-05-2025 21:23:50,M02,85.99,5.09,4.83,43.7,76.0,64.5,3.602,44.4,17577,338.3,23.33,4.2,DOWN,1
EVT00227,01-06-2025 03:46:25,M02,136.87,6.56,6.4,21.0,40.0,31.5,1.208,24.74,24982,336.6,18.62,3.07,RUNNING,0
EVT00228,01-06-2025 08:02:13,M02,110.63,6.65,6.31,20.6,44.5,32.8,0.987,23.44,22824,339.5,15.94,2.86,RUNNING,0
EVT00229,01-06-2025 12:58:16,M02,112.69,6.55,7.21,24.7,38.7,34.8,0.972,24.99,21616,326.3,25.07,2.65,RUNNING,0
EVT00230,01-06-2025 19:49:48,M02,130.84,6.89,6.12,31.7,46.2,29.8,1.262,26.89,23389,323.0,20.49,3.49,RUNNING,0
EVT00231,02-06-2025 02:43:38,M02,127.21,6.62,6.42,22.0,43.2,23.3,1.659,28.53,19984,349.9,21.67,3.1,RUNNING,0
EVT00232,02-06-2025 12:32:57,M02,121.44,6.63,5.85,24.3,48.2,33.6,1.131,33.07,21113,347.7,21.32,3.2,RUNNING,0
EVT00233,02-06-2025 18:59:06,M02,76.53,4.45,4.79,43.8,73.2,59.0,4.086,32.07,15056,359.3,20.01,5.2,DOWN,1
EVT00234,02-06-2025 23:05:00,M02,119.79,6.76,6.51,24.0,50.7,25.5,1.179,25.59,22572,338.6,17.81,2.89,RUNNING,0
EVT00235,03-06-2025 06:46:40,M02,118.48,6.82,6.44,27.0,39.3,24.8,1.308,27.51,22928,345.6,21.02,3.31,RUNNING,0
EVT00236,03-06-2025 12:42:18,M02,110.32,6.47,6.62,28.4,36.2,33.4,0.92,26.52,23381,336.7,18.3,3.35,RUNNING,0
EVT00237,03-06-2025 17:17:30,M02,123.85,7.17,6.73,24.7,41.2,35.9,1.813,24.64,22641,342.6,15.8,2.81,RUNNING,0
EVT00238,03-06-2025 23:28:22,M02,123.78,6.24,6.33,20.1,44.8,25.5,1.245,24.16,22771,344.3,14.04,3.36,RUNNING,0
EVT00239,04-06-2025 04:57:24,M02,81.88,5.35,5.11,40.5,67.4,54.5,3.538,42.8,17313,306.1,36.84,4.26,DOWN,1
EVT00240,04-06-2025 11:25:58,M02,112.47,6.94,6.98,20.9,45.9,38.3,1.269,27.36,19839,320.7,20.79,3.31,RUNNING,0
EVT00241,01-05-2025 11:05:04,M03,129.9,6.72,6.42,22.5,45.2,35.2,1.36,23.73,24359,350.0,20.97,3.25,RUNNING,0
EVT00242,01-05-2025 20:11:32,M03,134.12,6.69,6.43,21.2,46.0,31.2,1.593,22.41,21821,329.0,17.2,3.83,DOWN,1
EVT00243,02-05-2025 03:52:01,M03,89.22,5.01,4.64,37.6,81.3,73.5,3.975,46.24,19657,376.7,38.86,4.45,DOWN,1
EVT00244,02-05-2025 11:12:27,M03,112.95,6.55,5.61,18.7,41.5,27.2,1.519,25.02,23365,349.0,20.4,3.02,RUNNING,0
EVT00245,02-05-2025 20:40:10,M03,89.17,4.3,5.05,40.3,65.2,61.3,3.496,40.78,17220,318.5,27.39,4.9,DOWN,1
EVT00246,03-05-2025 04:39:41,M03,125.85,6.52,5.62,27.4,36.2,34.3,1.833,25.45,22936,323.1,20.14,3.18,RUNNING,0
EVT00247,03-05-2025 13:50:34,M03,134.93,6.37,6.57,26.2,47.1,36.1,1.625,25.92,21814,329.3,19.44,2.96,RUNNING,0
EVT00248,03-05-2025 19:55:49,M03,122.06,6.49,6.67,25.1,49.7,37.4,1.18,22.17,21259,329.3,19.91,3.16,RUNNING,0
EVT00249,04-05-2025 04:08:38,M03,116.28,6.17,6.32,26.7,42.8,32.4,1.399,23.99,23073,347.1,19.75,2.65,RUNNING,0
EVT00250,04-05-2025 12:16:27,M03,101.76,4.99,4.73,39.7,71.4,58.0,3.591,41.72,15239,363.0,34.35,3.68,DOWN,1
EVT00251,04-05-2025 21:45:00,M03,136.75,6.42,5.6,24.4,36.9,28.7,1.387,23.62,23370,366.4,15.53,3.44,RUNNING,0
EVT00252,05-05-2025 06:26:00,M03,114.28,7.37,6.02,17.6,44.2,36.9,1.437,28.49,23715,325.8,16.54,3.41,RUNNING,0
EVT00253,05-05-2025 15:01:25,M03,132.33,6.39,6.18,20.9,51.6,29.4,1.589,21.91,23259,341.6,19.79,3.59,RUNNING,0
EVT00254,05-05-2025 19:27:43,M03,79.9,3.89,4.16,33.5,75.0,71.1,2.38,36.87,17133,335.0,36.18,4.21,DOWN,1
EVT00255,06-05-2025 03:11:05,M03,123.85,6.63,6.23,25.8,39.4,24.0,1.155,27.45,21628,353.0,19.56,2.61,RUNNING,0
EVT00256,06-05-2025 12:26:31,M03,109.85,6.06,6.35,24.5,46.3,30.5,1.424,29.26,22366,343.4,19.93,3.02,RUNNING,0
EVT00257,06-05-2025 18:39:40,M03,91.6,4.62,4.54,41.6,78.2,68.6,2.174,49.79,17625,356.5,33.64,3.73,RUNNING,0
EVT00258,07-05-2025 02:10:59,M03,123.68,6.58,6.98,22.5,43.7,34.8,1.51,22.87,23916,356.9,17.43,3.11,RUNNING,0
EVT00259,07-05-2025 07:04:13,M03,106.04,6.52,6.79,24.3,45.0,32.0,1.293,22.02,23670,305.7,21.54,2.96,RUNNING,0
EVT00260,07-05-2025 12:00:23,M03,131.07,6.52,6.75,21.8,34.9,31.1,1.259,25.45,22748,300.1,17.48,2.97,RUNNING,0
EVT00261,07-05-2025 16:05:42,M03,129.64,5.73,6.52,29.4,43.3,32.0,1.328,26.51,21887,356.6,15.98,3.36,RUNNING,0
EVT00262,07-05-2025 22:32:27,M03,116.8,7.17,6.5,22.0,42.6,31.4,1.919,21.05,24124,340.1,20.7,3.72,RUNNING,0
EVT00263,08-05-2025 08:28:46,M03,127.04,7.17,6.44,21.7,41.4,33.8,0.937,23.95,21048,317.8,20.53,2.8,RUNNING,0
EVT00264,08-05-2025 12:46:40,M03,123.01,6.54,6.55,24.4,47.0,24.4,0.862,26.66,22817,334.1,21.93,2.48,RUNNING,0
EVT00265,08-05-2025 21:24:02,M03,88.75,4.75,5.45,46.8,66.4,60.2,3.799,42.34,16388,310.8,31.02,3.81,DOWN,1
EVT00266,09-05-2025 03:14:05,M03,122.3,6.73,6.43,21.1,43.2,36.7,1.073,25.06,21664,340.1,22.06,3.13,RUNNING,0
EVT00267,09-05-2025 11:10:40,M03,120.64,6.05,6.6,28.4,48.8,27.6,1.119,24.91,22472,359.0,20.14,2.96,RUNNING,0
EVT00268,09-05-2025 17:52:00,M03,119.86,6.15,6.64,23.3,47.5,28.9,0.824,23.67,22226,322.1,19.63,2.43,RUNNING,0
EVT00269,10-05-2025 03:47:10,M03,103.53,6.73,6.53,20.5,42.2,36.9,1.789,28.19,25328,356.1,16.93,2.47,DOWN,1
EVT00270,10-05-2025 09:07:13,M03,78.48,4.94,4.99,36.9,72.9,54.3,3.187,34.94,16774,335.5,26.8,4.95,DOWN,1
EVT00271,10-05-2025 16:02:13,M03,82.05,4.57,4.43,39.7,73.5,50.4,2.718,37.94,15352,351.0,30.17,4.69,DOWN,1
EVT00272,10-05-2025 21:47:41,M03,112.97,6.71,6.43,19.4,43.4,31.8,1.284,25.95,21418,317.1,21.29,3.31,RUNNING,0
EVT00273,11-05-2025 06:03:16,M03,122.66,7.07,6.97,19.7,47.1,32.3,0.481,24.0,21834,337.9,22.63,2.75,RUNNING,0
EVT00274,11-05-2025 13:34:20,M03,133.25,6.53,6.76,25.6,42.2,26.9,0.854,29.36,22727,323.5,13.8,3.43,RUNNING,0
EVT00275,11-05-2025 22:09:18,M03,127.53,6.41,6.41,25.8,49.7,31.0,1.134,22.51,23497,315.7,22.08,2.32,RUNNING,0
EVT00276,12-05-2025 06:01:42,M03,74.44,5.25,4.83,39.8,74.2,64.9,3.191,38.41,16411,347.8,34.33,4.57,DOWN,1
EVT00277,12-05-2025 15:07:21,M03,118.84,7.38,6.93,26.6,42.0,29.6,0.65,27.89,22615,328.0,13.6,3.58,RUNNING,0
EVT00278,12-05-2025 20:48:24,M03,108.9,6.8,6.6,22.9,42.3,42.5,0.839,22.84,23562,352.1,15.96,2.66,RUNNING,0
EVT00279,13-05-2025 06:41:48,M03,115.46,6.5,6.37,25.5,45.7,28.3,1.437,19.96,22019,310.6,15.57,2.76,RUNNING,0
EVT00280,13-05-2025 14:00:15,M03,117.24,6.66,6.97,25.0,42.1,31.5,1.359,26.9,22531,327.9,20.08,3.24,RUNNING,0
EVT00281,13-05-2025 23:05:36,M03,104.35,6.27,6.21,22.4,48.8,44.8,0.462,25.91,22604,332.8,18.46,3.32,RUNNING,0
EVT00282,14-05-2025 06:06:17,M03,124.69,6.68,6.17,31.5,45.4,35.0,1.048,25.57,22772,328.0,13.26,2.81,RUNNING,0
EVT00283,14-05-2025 13:42:44,M03,132.18,6.65,5.93,19.9,42.5,26.3,1.291,29.06,21636,343.8,19.23,2.93,RUNNING,0
EVT00284,14-05-2025 20:52:25,M03,108.05,6.63,6.83,25.1,50.0,29.3,1.455,21.69,23563,328.0,23.93,3.3,RUNNING,0
EVT00285,15-05-2025 05:25:59,M03,121.28,6.71,6.41,21.6,42.0,33.4,1.152,21.54,19654,331.5,17.21,2.55,RUNNING,0
EVT00286,15-05-2025 14:45:59,M03,138.53,6.1,6.88,22.5,41.4,34.4,1.064,22.58,25184,368.2,12.42,3.0,RUNNING,0
EVT00287,15-05-2025 19:01:49,M03,127.07,5.65,5.82,23.7,39.4,34.2,1.064,21.41,21053,361.5,21.56,2.29,RUNNING,0
EVT00288,16-05-2025 04:31:27,M03,89.45,4.61,4.29,47.6,67.6,52.6,3.543,39.73,19229,344.0,28.48,4.42,DOWN,1
EVT00289,16-05-2025 12:28:51,M03,122.32,6.43,6.73,21.9,47.2,37.6,0.997,32.21,21431,341.4,16.88,3.32,RUNNING,0
EVT00290,16-05-2025 17:06:28,M03,137.53,6.58,6.06,21.3,45.9,33.9,1.262,22.45,24162,357.3,24.81,3.11,RUNNING,0
EVT00291,16-05-2025 21:49:10,M03,122.09,6.94,6.23,24.2,49.3,35.3,1.191,25.6,23636,323.5,21.17,3.4,RUNNING,0
EVT00292,17-05-2025 02:09:01,M03,91.65,5.08,4.63,39.4,66.1,53.0,3.441,45.43,17149,320.2,37.63,4.52,DOWN,1
EVT00293,17-05-2025 09:20:44,M03,72.64,4.33,4.93,37.1,69.5,62.0,2.626,40.32,18272,327.5,33.74,4.86,DOWN,1
EVT00294,17-05-2025 15:42:16,M03,123.18,6.56,6.63,23.1,44.9,31.0,1.076,27.99,19574,320.5,20.44,2.91,RUNNING,0
EVT00295,18-05-2025 00:15:02,M03,126.92,6.92,5.78,24.1,46.9,32.9,1.351,19.2,21014,314.4,23.1,2.99,RUNNING,0
EVT00296,18-05-2025 07:04:08,M03,91.9,4.68,4.95,42.4,68.9,64.0,3.267,40.71,13032,357.7,28.65,5.23,DOWN,1
EVT00297,18-05-2025 14:50:52,M03,123.31,6.34,6.74,25.8,46.5,30.4,1.284,29.18,23216,324.9,14.57,2.85,RUNNING,0
EVT00298,18-05-2025 22:24:55,M03,113.99,6.28,5.62,25.6,43.6,30.6,1.111,26.76,21779,345.5,13.03,2.58,RUNNING,0
EVT00299,19-05-2025 04:26:36,M03,107.92,6.85,6.15,31.8,49.5,38.8,1.441,26.15,21896,371.2,17.2,2.78,RUNNING,0
EVT00300,19-05-2025 10:58:55,M03,73.13,4.9,5.39,45.1,78.9,62.1,3.445,45.13,15334,339.3,28.24,5.46,DOWN,1
EVT00301,19-05-2025 16:53:31,M03,130.2,7.21,6.59,27.2,40.3,31.4,1.922,30.83,20584,365.5,18.96,3.15,RUNNING,0
EVT00302,19-05-2025 22:07:29,M03,129.98,6.86,6.39,17.9,48.1,34.4,1.317,22.06,25438,353.5,19.46,2.64,RUNNING,0
EVT00303,20-05-2025 06:28:56,M03,88.7,5.07,4.96,37.2,76.8,64.2,3.684,36.67,15003,351.7,30.31,5.06,DOWN,1
EVT00304,20-05-2025 15:20:59,M03,84.87,4.8,5.34,38.1,70.0,70.3,4.176,36.47,19203,338.4,25.51,4.38,DOWN,1
EVT00305,20-05-2025 22:46:26,M03,125.92,6.44,6.55,23.2,38.4,33.9,1.229,22.86,21862,381.8,17.8,3.0,RUNNING,0
EVT00306,21-05-2025 04:56:13,M03,128.64,6.51,6.77,28.0,38.5,32.5,1.787,21.29,22327,343.2,17.65,3.52,RUNNING,0
EVT00307,21-05-2025 09:41:52,M03,132.38,6.46,6.34,25.9,44.8,36.0,1.381,25.61,22965,322.0,15.63,3.04,RUNNING,0
EVT00308,21-05-2025 18:45:02,M03,86.23,5.36,5.12,31.3,75.2,57.8,3.655,39.4,15709,322.3,29.71,4.38,DOWN,1
EVT00309,22-05-2025 00:03:00,M03,129.87,6.83,6.14,20.8,41.3,35.6,0.952,27.65,23455,310.6,22.71,3.53,RUNNING,0
EVT00310,22-05-2025 05:15:49,M03,82.01,5.34,4.84,37.9,77.6,58.0,3.11,35.49,15769,302.8,27.06,4.91,DOWN,1
EVT00311,22-05-2025 11:04:57,M03,120.87,7.11,6.43,27.5,43.7,36.0,1.036,25.32,21100,343.2,16.56,3.01,RUNNING,0
EVT00312,22-05-2025 17:56:16,M03,110.49,6.88,7.08,27.5,51.6,32.2,1.094,26.46,22142,310.7,13.78,3.43,RUNNING,0
EVT00313,23-05-2025 03:22:49,M03,121.09,6.61,6.95,19.1,43.4,28.5,1.577,23.32,21984,307.1,22.15,3.63,RUNNING,0
EVT00314,23-05-2025 09:52:58,M03,120.59,6.63,6.91,26.1,47.6,32.8,1.881,23.8,20076,329.8,18.2,3.12,RUNNING,0
EVT00315,23-05-2025 17:14:29,M03,129.65,6.63,6.29,29.4,48.3,27.8,1.167,33.21,25468,327.3,21.77,2.36,RUNNING,0
EVT00316,24-05-2025 03:08:37,M03,124.91,6.34,6.25,24.9,38.7,41.5,0.892,21.75,23437,321.6,22.88,2.97,RUNNING,0
EVT00317,24-05-2025 09:21:12,M03,120.44,6.77,6.55,25.5,42.4,29.0,1.247,24.84,22879,331.2,16.86,3.36,RUNNING,0
EVT00318,24-05-2025 13:57:28,M03,129.4,6.04,5.77,18.5,44.5,34.9,1.588,28.64,23794,368.4,16.5,2.76,RUNNING,0
EVT00319,24-05-2025 20:03:20,M03,105.64,6.76,6.36,22.4,44.1,28.6,1.334,25.18,23902,317.2,23.77,3.15,RUNNING,0
EVT00320,25-05-2025 03:00:48,M03,91.47,5.15,4.92,43.3,78.5,56.9,3.415,35.58,16806,286.1,36.18,5.14,DOWN,1
EVT00321,25-05-2025 10:20:44,M03,119.27,6.61,6.5,21.4,44.0,31.4,0.989,30.54,21785,358.0,12.24,3.81,RUNNING,0
EVT00322,25-05-2025 16:12:42,M03,120.61,7.0,6.31,21.0,45.0,30.5,0.621,23.2,26803,376.7,13.54,3.2,RUNNING,0
EVT00323,25-05-2025 23:40:51,M03,126.49,6.53,6.09,22.9,42.8,30.8,1.479,26.21,23327,334.3,19.99,3.48,RUNNING,0
EVT00324,26-05-2025 08:32:19,M03,66.98,5.53,4.77,41.0,65.9,53.6,3.044,42.57,16225,357.4,28.66,4.23,DOWN,1
EVT00325,26-05-2025 15:44:10,M03,119.04,6.46,6.38,24.9,40.4,34.0,1.949,25.55,22553,374.0,18.75,3.29,RUNNING,0
EVT00326,26-05-2025 21:13:54,M03,115.84,6.61,6.18,23.9,44.2,32.9,0.892,23.56,24219,388.2,17.4,2.04,DOWN,1
EVT00327,27-05-2025 05:21:26,M03,120.6,6.87,5.7,20.4,45.6,38.4,1.068,29.7,21368,354.7,8.84,3.4,RUNNING,0
EVT00328,27-05-2025 11:57:09,M03,82.93,4.71,4.72,38.4,62.9,53.9,3.318,31.04,13988,292.4,28.66,4.54,DOWN,1
EVT00329,27-05-2025 17:07:27,M03,114.45,6.1,6.92,24.3,42.1,29.8,1.254,21.26,23071,328.1,17.35,3.31,RUNNING,0
EVT00330,27-05-2025 23:10:54,M03,109.4,6.63,6.3,21.2,38.8,36.7,1.064,32.06,22552,361.9,20.05,3.12,RUNNING,0
EVT00331,28-05-2025 07:27:17,M03,127.84,6.8,6.41,28.1,51.0,35.6,1.037,21.42,23631,334.9,23.08,2.29,RUNNING,0
EVT00332,28-05-2025 12:53:24,M03,128.28,6.46,5.98,28.1,41.3,36.6,0.746,26.25,23081,350.4,21.62,3.7,RUNNING,0
EVT00333,28-05-2025 21:18:38,M03,116.37,6.76,7.07,28.6,42.6,33.2,1.483,27.3,22245,333.2,19.23,3.06,RUNNING,0
EVT00334,29-05-2025 06:41:28,M03,111.92,6.95,6.61,28.6,45.5,30.3,1.012,25.14,23329,340.4,18.27,2.51,RUNNING,0
EVT00335,29-05-2025 12:36:11,M03,87.12,4.89,4.72,37.7,68.3,60.7,3.963,44.79,15314,352.0,29.25,3.5,DOWN,1
EVT00336,29-05-2025 17:58:59,M03,76.3,4.86,4.25,40.7,75.1,53.6,3.466,35.15,19063,347.8,30.83,4.28,DOWN,1
EVT00337,30-05-2025 00:38:19,M03,117.48,6.3,7.02,17.3,49.1,30.5,1.179,23.98,22859,320.3,16.81,3.52,RUNNING,0
EVT00338,30-05-2025 09:36:54,M03,121.41,7.21,6.13,25.8,45.8,31.2,1.31,25.75,20762,366.9,17.18,2.68,RUNNING,0
EVT00339,30-05-2025 15:38:14,M03,118.81,6.69,6.7,21.0,39.1,31.8,1.371,25.7,21172,326.8,24.26,3.06,RUNNING,0
EVT00340,30-05-2025 21:25:52,M03,123.52,6.14,6.84,25.3,48.1,32.1,1.178,24.45,25918,329.3,17.37,2.63,RUNNING,0
EVT00341,31-05-2025 06:19:59,M03,80.51,4.88,5.41,42.9,80.1,61.7,3.298,43.42,14949,359.3,23.16,5.09,DOWN,1
EVT00342,31-05-2025 13:55:27,M03,90.36,4.79,4.98,41.4,67.7,58.1,3.566,38.3,14795,350.6,31.18,5.02,DOWN,1
EVT00343,31-05-2025 20:26:12,M03,121.64,5.75,6.86,20.3,39.5,27.6,1.945,26.32,20937,345.6,16.95,3.1,RUNNING,0
EVT00344,01-06-2025 01:35:14,M03,116.11,7.02,6.42,20.7,46.8,33.5,1.058,27.19,23443,306.2,22.61,3.38,RUNNING,0
EVT00345,01-06-2025 09:24:01,M03,121.41,5.4,6.67,20.3,46.7,38.8,1.124,26.32,22549,321.9,20.58,3.14,RUNNING,0
EVT00346,01-06-2025 14:47:07,M03,127.64,6.76,6.79,20.3,44.3,34.0,1.588,33.02,23111,324.5,17.02,2.62,RUNNING,0
EVT00347,01-06-2025 22:28:35,M03,126.73,6.63,6.3,18.1,48.2,34.0,1.196,18.39,21763,353.7,20.3,3.09,RUNNING,0
EVT00348,02-06-2025 02:36:34,M03,114.25,6.11,6.59,25.0,46.1,32.5,1.103,25.63,23068,404.5,20.32,4.14,RUNNING,0
EVT00349,02-06-2025 08:01:22,M03,111.44,6.72,6.79,23.1,47.9,30.3,0.585,26.88,22545,323.7,17.56,2.94,DOWN,1
EVT00350,02-06-2025 12:30:15,M03,137.48,7.16,6.46,23.8,42.4,30.1,1.462,24.08,23049,361.8,16.11,3.65,RUNNING,0
EVT00351,02-06-2025 19:04:59,M03,95.62,4.55,4.27,35.8,76.3,63.8,3.019,37.47,18009,357.5,35.26,4.57,DOWN,1
EVT00352,03-06-2025 02:40:48,M03,115.65,6.4,6.73,22.2,45.2,32.5,1.201,25.32,24044,344.5,16.09,3.04,RUNNING,0
EVT00353,03-06-2025 11:16:27,M03,120.96,6.42,6.3,28.2,37.7,29.5,1.211,23.09,23236,337.9,18.83,3.2,DOWN,1
EVT00354,03-06-2025 20:17:15,M03,106.89,6.33,6.6,26.6,53.4,30.3,0.94,26.57,25304,357.0,23.6,2.69,RUNNING,0
EVT00355,04-06-2025 06:00:42,M03,117.41,6.83,6.77,20.2,49.3,36.0,0.977,27.77,23719,346.6,21.55,3.73,DOWN,1
EVT00356,04-06-2025 15:51:28,M03,129.16,7.14,6.03,25.9,48.1,29.4,1.517,26.39,19952,347.3,20.75,2.79,RUNNING,0
EVT00357,05-06-2025 00:24:54,M03,122.45,6.91,6.6,26.1,40.5,32.8,1.158,26.96,22883,306.1,17.16,2.96,RUNNING,0
EVT00358,05-06-2025 09:20:23,M03,125.63,7.39,6.78,24.2,42.1,33.6,1.405,25.01,21385,330.6,15.39,3.17,RUNNING,0
EVT00359,05-06-2025 14:44:36,M03,130.23,6.63,7.13,27.0,45.9,31.5,1.095,26.69,22288,361.9,20.64,3.35,RUNNING,0
EVT00360,05-06-2025 21:55:54,M03,113.18,6.49,7.26,20.3,45.8,30.2,0.536,26.68,21665,346.6,19.96,3.5,RUNNING,0
EVT00361,01-05-2025 10:58:40,M04,83.48,4.0,5.23,44.5,79.4,70.9,3.787,42.06,18637,365.5,26.45,3.76,DOWN,1
EVT00362,01-05-2025 18:58:37,M04,125.09,6.7,5.89,24.0,42.3,38.8,1.541,23.84,25148,372.7,20.03,2.43,RUNNING,0
EVT00363,02-05-2025 01:41:25,M04,74.12,4.32,4.57,35.1,68.9,68.7,3.382,43.14,18637,327.3,25.57,4.18,DOWN,1
EVT00364,02-05-2025 10:36:00,M04,108.86,6.46,6.32,21.4,41.6,30.0,1.195,25.49,23930,316.0,18.92,3.55,RUNNING,0
EVT00365,02-05-2025 17:31:51,M04,88.7,5.14,5.48,41.2,75.8,66.8,3.01,39.16,21156,313.3,33.43,4.86,DOWN,1
EVT00366,02-05-2025 21:54:21,M04,123.85,6.45,6.44,22.1,37.5,35.5,0.671,22.82,20526,308.8,16.36,3.18,RUNNING,0
EVT00367,03-05-2025 07:30:11,M04,115.66,6.63,6.71,16.6,46.2,28.1,0.835,25.2,23440,325.5,18.7,2.66,RUNNING,0
EVT00368,03-05-2025 15:48:09,M04,128.59,6.59,6.85,19.9,51.1,27.9,0.591,29.1,21434,376.4,19.35,2.69,RUNNING,0
EVT00369,04-05-2025 01:02:53,M04,92.85,4.78,5.35,38.4,79.9,57.7,3.226,38.13,17288,355.8,28.45,4.84,DOWN,1
EVT00370,04-05-2025 10:41:48,M04,138.25,7.05,7.26,22.8,37.4,29.2,1.019,22.14,19206,383.7,22.07,2.36,RUNNING,0
EVT00371,04-05-2025 17:17:06,M04,81.81,5.13,4.42,39.5,77.6,59.8,2.586,44.97,15056,390.7,30.31,4.89,RUNNING,0
EVT00372,04-05-2025 21:38:09,M04,89.82,4.88,4.92,41.0,69.8,61.1,3.147,32.42,18710,325.4,27.74,4.67,DOWN,1
EVT00373,05-05-2025 05:56:31,M04,130.02,6.61,6.19,17.9,47.2,29.3,0.865,25.09,21998,326.9,14.45,2.55,RUNNING,0
EVT00374,05-05-2025 10:53:10,M04,128.88,6.27,6.49,24.9,41.5,36.5,0.7,22.5,19944,336.9,16.79,3.04,RUNNING,0
EVT00375,05-05-2025 18:49:17,M04,110.79,6.72,6.75,21.7,48.8,28.2,1.083,24.08,24794,376.9,19.4,2.38,RUNNING,0
EVT00376,05-05-2025 22:59:54,M04,127.41,7.39,6.74,18.1,47.0,33.6,0.914,28.87,23157,322.1,22.94,2.68,RUNNING,0
EVT00377,06-05-2025 06:12:31,M04,109.09,6.05,6.78,23.0,48.7,28.8,1.215,27.06,22815,313.2,13.63,4.23,RUNNING,0
EVT00378,06-05-2025 10:20:07,M04,128.45,6.97,6.31,17.8,45.8,25.4,1.565,22.8,23452,354.3,17.03,2.9,RUNNING,0
EVT00379,06-05-2025 16:54:59,M04,80.24,4.71,4.91,40.6,67.4,63.5,3.264,42.18,16975,348.5,32.35,4.39,DOWN,1
EVT00380,06-05-2025 21:22:37,M04,121.04,6.05,6.17,20.0,48.3,35.1,1.182,25.87,22368,336.2,21.58,3.31,RUNNING,0
EVT00381,07-05-2025 06:25:53,M04,132.91,7.04,7.03,23.5,40.1,28.5,1.614,19.41,24757,354.5,16.64,3.87,RUNNING,0
EVT00382,07-05-2025 14:08:56,M04,117.72,6.32,6.0,22.0,41.8,27.0,1.137,26.35,21156,378.6,18.51,3.66,RUNNING,0
EVT00383,07-05-2025 21:03:14,M04,130.73,7.23,6.59,20.9,40.9,29.7,1.767,23.85,22985,333.5,15.87,2.64,RUNNING,0
EVT00384,08-05-2025 05:40:21,M04,84.41,5.42,4.56,43.6,54.7,56.0,2.445,44.94,18318,367.1,25.86,4.74,RUNNING,0
EVT00385,08-05-2025 14:20:05,M04,113.31,6.91,7.24,22.8,41.6,41.6,1.322,21.32,22321,307.9,22.0,3.07,RUNNING,0
EVT00386,09-05-2025 00:13:48,M04,82.74,4.93,5.15,49.9,68.3,58.4,3.045,44.32,18700,360.6,28.21,5.63,DOWN,1
EVT00387,09-05-2025 08:29:37,M04,89.62,3.71,5.23,35.6,74.8,63.8,3.96,43.56,17083,335.8,28.48,4.56,DOWN,1
EVT00388,09-05-2025 13:19:12,M04,71.07,4.29,3.64,38.8,73.8,46.6,3.518,39.51,15234,341.6,28.28,5.13,DOWN,1
EVT00389,09-05-2025 19:41:17,M04,128.57,6.76,6.3,30.1,48.1,25.3,1.083,32.4,21026,355.9,19.2,3.59,RUNNING,0
EVT00390,10-05-2025 03:53:04,M04,114.16,6.77,6.24,21.6,49.9,30.5,1.712,25.77,22261,294.6,13.55,3.95,RUNNING,0
EVT00391,10-05-2025 13:42:15,M04,113.05,6.97,5.38,20.9,42.8,35.4,1.872,24.27,23189,315.3,27.25,3.1,RUNNING,0
EVT00392,10-05-2025 19:47:21,M04,122.65,6.7,6.43,21.7,45.0,39.0,1.884,24.47,21825,362.3,16.57,4.17,RUNNING,0
EVT00393,11-05-2025 03:18:52,M04,130.72,6.5,5.96,28.6,47.6,33.8,1.661,26.54,24854,333.5,19.74,3.46,RUNNING,0
EVT00394,11-05-2025 08:21:18,M04,122.62,6.42,6.57,24.2,44.8,32.9,1.03,24.15,19994,325.7,18.64,2.71,DOWN,1
EVT00395,11-05-2025 18:14:34,M04,118.65,7.18,6.19,28.1,39.4,32.7,0.872,32.8,22126,350.4,21.49,3.28,RUNNING,0
EVT00396,11-05-2025 22:37:48,M04,121.8,6.81,7.17,21.7,36.6,27.6,0.893,22.36,21229,325.4,18.93,3.2,RUNNING,0
EVT00397,12-05-2025 04:30:36,M04,133.15,6.94,6.26,26.9,45.1,35.2,1.416,24.63,22654,326.1,18.61,2.76,RUNNING,0
EVT00398,12-05-2025 10:09:45,M04,126.87,6.49,6.13,22.5,40.1,23.5,0.736,29.12,25285,336.8,21.26,3.08,RUNNING,0
EVT00399,12-05-2025 15:09:09,M04,126.01,7.08,7.18,21.8,55.2,23.9,0.967,25.6,23323,329.1,18.46,2.9,RUNNING,0
EVT00400,12-05-2025 23:29:48,M04,127.29,7.04,6.48,18.9,44.3,25.9,1.273,26.96,24113,359.3,18.72,3.4,RUNNING,0
EVT00401,13-05-2025 07:50:45,M04,89.24,5.24,4.93,36.7,72.9,62.8,2.985,35.97,17782,315.8,33.29,5.67,DOWN,1
EVT00402,13-05-2025 14:04:11,M04,104.46,6.19,6.2,25.5,34.5,31.5,1.434,16.5,23620,322.8,21.6,2.76,RUNNING,0
EVT00403,13-05-2025 21:45:44,M04,122.26,6.11,6.79,23.3,45.0,30.4,1.423,28.87,21888,373.5,21.28,3.41,RUNNING,0
EVT00404,14-05-2025 03:39:59,M04,128.12,6.29,6.69,22.2,41.2,38.7,1.743,24.01,20448,342.1,24.59,3.29,RUNNING,0
EVT00405,14-05-2025 12:42:12,M04,125.92,6.42,6.57,23.0,39.8,38.5,1.378,25.99,23332,342.5,13.62,2.9,RUNNING,0
EVT00406,14-05-2025 22:06:06,M04,94.43,4.2,4.58,41.7,73.3,53.4,3.998,46.17,17638,334.6,23.96,4.68,DOWN,1
EVT00407,15-05-2025 06:23:31,M04,137.34,6.91,6.51,25.8,50.1,35.6,1.177,23.02,20816,333.3,11.68,3.17,RUNNING,0
EVT00408,15-05-2025 14:06:03,M04,100.16,4.57,4.51,35.0,75.6,65.8,3.103,35.74,19295,347.9,24.2,5.11,DOWN,1
EVT00409,15-05-2025 21:41:19,M04,118.14,7.16,6.52,34.0,37.2,25.1,1.498,24.9,23688,329.1,15.7,3.12,RUNNING,0
EVT00410,16-05-2025 02:31:31,M04,123.66,7.18,5.9,19.1,48.8,26.7,1.452,25.17,21873,296.9,23.4,3.47,RUNNING,0
EVT00411,16-05-2025 06:49:47,M04,83.23,4.8,5.66,39.0,64.9,67.3,3.763,43.05,19232,356.8,36.89,4.15,DOWN,1
EVT00412,16-05-2025 14:43:10,M04,76.03,5.03,5.06,39.4,65.1,66.0,3.528,44.47,13845,358.9,30.23,4.24,DOWN,1
EVT00413,16-05-2025 22:53:55,M04,85.1,4.18,4.54,44.5,69.5,65.7,3.813,43.52,17499,297.5,28.26,4.52,DOWN,1
EVT00414,17-05-2025 04:42:42,M04,84.31,4.77,4.88,34.7,72.8,63.0,2.378,34.8,18343,354.3,32.84,4.75,DOWN,1
EVT00415,17-05-2025 13:47:30,M04,110.05,6.54,5.99,25.3,45.7,29.7,1.527,22.13,22447,366.0,17.16,3.4,RUNNING,0
EVT00416,17-05-2025 21:34:24,M04,117.05,7.23,6.27,17.2,45.8,34.1,0.982,24.26,21229,339.8,20.57,3.12,RUNNING,0
EVT00417,18-05-2025 04:49:28,M04,92.15,4.75,4.93,44.1,71.1,63.8,4.139,38.04,19469,344.7,35.42,4.72,DOWN,1
EVT00418,18-05-2025 11:21:07,M04,124.76,6.19,6.26,22.0,38.5,34.6,1.131,28.9,22133,340.9,17.78,2.74,RUNNING,0
EVT00419,18-05-2025 19:45:12,M04,137.25,6.78,6.01,19.8,46.1,27.9,1.378,27.69,23879,327.8,16.39,3.47,RUNNING,0
EVT00420,19-05-2025 02:11:33,M04,79.62,4.92,5.48,43.9,72.4,61.2,3.131,37.96,14694,322.5,31.0,4.94,DOWN,1
EVT00421,19-05-2025 11:29:43,M04,127.68,6.59,7.22,31.1,42.1,31.0,1.408,22.26,23773,324.2,19.3,3.25,RUNNING,0
EVT00422,19-05-2025 16:58:50,M04,128.03,6.87,6.54,16.1,41.0,31.0,0.876,19.92,21033,381.3,19.15,3.12,RUNNING,0
EVT00423,19-05-2025 22:41:01,M04,134.9,5.97,5.57,20.3,47.2,32.7,0.862,22.82,20637,375.4,15.28,3.72,RUNNING,0
EVT00424,20-05-2025 03:48:00,M04,86.82,5.15,5.0,43.9,74.8,54.5,3.766,39.59,15834,333.0,32.78,5.06,DOWN,1
EVT00425,20-05-2025 10:43:29,M04,118.56,6.92,6.17,27.3,43.2,31.2,1.113,27.94,21061,340.7,18.61,2.88,RUNNING,0
EVT00426,20-05-2025 16:16:00,M04,120.41,6.82,6.47,27.2,42.8,30.8,1.424,24.05,23247,330.2,26.01,2.71,RUNNING,0
EVT00427,21-05-2025 01:23:32,M04,125.3,6.54,6.3,20.8,44.0,31.3,1.257,20.77,22533,391.2,22.79,3.48,RUNNING,0
EVT00428,21-05-2025 08:01:37,M04,73.4,4.64,5.62,38.5,64.4,64.4,3.595,43.32,16554,338.6,25.97,4.51,DOWN,1
EVT00429,21-05-2025 15:55:31,M04,123.9,6.6,6.12,23.4,42.5,34.5,1.462,26.5,20047,329.1,16.11,2.85,RUNNING,0
EVT00430,21-05-2025 22:39:49,M04,117.11,6.84,6.53,22.9,48.6,29.4,1.216,21.85,20995,334.0,14.92,2.71,RUNNING,0
EVT00431,22-05-2025 05:03:12,M04,134.68,6.15,5.9,20.5,43.7,34.1,1.386,27.83,22337,341.3,17.81,3.75,RUNNING,0
EVT00432,22-05-2025 13:46:30,M04,107.22,6.43,5.86,17.6,43.2,35.3,1.562,23.4,23499,336.1,18.41,3.32,RUNNING,0
EVT00433,22-05-2025 18:12:39,M04,125.75,7.01,6.77,19.4,43.2,33.2,1.333,25.35,24643,352.4,15.11,3.0,RUNNING,0
EVT00434,23-05-2025 03:06:14,M04,120.29,7.94,6.81,24.0,45.0,30.7,1.239,25.83,19552,337.4,19.59,3.14,RUNNING,0
EVT00435,23-05-2025 12:04:50,M04,85.59,4.75,4.39,39.4,69.1,58.9,3.766,37.3,16668,345.0,32.16,4.47,DOWN,1
EVT00436,23-05-2025 19:21:02,M04,112.98,6.27,6.61,19.7,42.7,36.6,1.044,27.01,19975,319.3,17.89,2.75,RUNNING,0
EVT00437,24-05-2025 00:03:35,M04,129.59,6.95,6.52,23.2,51.4,41.9,1.138,25.47,21671,307.8,15.49,3.29,RUNNING,0
EVT00438,24-05-2025 08:02:08,M04,80.19,4.53,5.07,46.4,74.0,63.9,2.984,38.34,17912,339.2,24.57,4.7,DOWN,1
EVT00439,24-05-2025 12:54:02,M04,80.02,4.33,4.86,45.2,77.1,58.3,3.217,38.24,16340,323.4,31.15,5.13,DOWN,1
EVT00440,24-05-2025 18:38:26,M04,82.36,4.39,5.01,48.5,73.3,56.1,3.321,35.44,17027,345.5,32.73,4.25,DOWN,1
EVT00441,25-05-2025 04:09:10,M04,78.93,4.96,4.74,43.7,76.8,58.6,3.14,40.51,16781,330.7,22.99,5.56,DOWN,1
EVT00442,25-05-2025 08:52:07,M04,80.3,4.78,4.03,38.1,69.9,59.0,3.282,40.21,19281,329.8,27.94,4.14,DOWN,1
EVT00443,25-05-2025 17:44:43,M04,84.23,5.18,5.49,36.5,70.3,66.7,3.495,42.09,18549,338.6,33.59,4.81,DOWN,1
EVT00444,26-05-2025 01:39:13,M04,93.16,4.52,4.23,42.6,66.9,54.4,4.032,43.87,16486,350.3,17.82,4.87,DOWN,1
EVT00445,26-05-2025 09:39:57,M04,117.22,6.16,6.12,24.0,45.4,35.2,0.778,20.02,21930,363.6,15.94,3.17,RUNNING,0
EVT00446,26-05-2025 14:05:09,M04,124.69,6.18,7.24,23.8,44.7,31.7,1.34,26.58,21202,352.0,18.36,3.15,RUNNING,0
EVT00447,26-05-2025 21:21:07,M04,115.69,6.12,6.64,21.2,43.2,33.0,1.201,24.98,21142,363.2,19.81,2.97,RUNNING,0
EVT00448,27-05-2025 02:23:42,M04,119.31,7.24,6.28,23.1,46.7,32.9,1.088,22.77,22484,375.3,20.97,3.63,RUNNING,0
EVT00449,27-05-2025 07:15:45,M04,114.6,5.96,5.87,22.0,46.1,32.1,1.125,28.35,22502,326.1,19.84,4.34,RUNNING,0
EVT00450,27-05-2025 13:40:26,M04,87.41,4.86,5.49,45.4,71.4,56.8,3.615,37.4,18327,318.4,31.7,5.94,DOWN,1
EVT00451,27-05-2025 21:42:30,M04,67.9,4.85,4.42,46.6,77.8,58.6,3.236,45.94,19571,348.6,26.27,4.07,DOWN,1
EVT00452,28-05-2025 04:12:42,M04,136.1,6.04,6.22,18.8,40.7,30.8,0.982,26.56,22726,333.0,19.9,2.98,RUNNING,0
EVT00453,28-05-2025 12:57:12,M04,105.11,6.72,6.05,22.0,37.8,30.6,1.283,26.37,20720,340.0,20.23,3.56,RUNNING,0
EVT00454,28-05-2025 18:20:48,M04,87.16,5.18,4.66,50.7,73.6,53.6,4.044,34.99,17492,334.8,26.28,3.92,DOWN,1
EVT00455,29-05-2025 04:16:16,M04,72.52,4.61,6.06,43.3,74.8,62.9,3.158,50.92,17687,322.4,31.46,5.09,DOWN,1
EVT00456,29-05-2025 09:53:37,M04,74.62,4.77,4.82,33.7,69.5,62.7,2.658,45.65,17702,327.0,31.38,4.6,DOWN,1
EVT00457,29-05-2025 16:20:24,M04,122.01,6.24,6.58,24.6,37.5,32.3,0.743,19.42,21609,352.2,27.39,3.41,RUNNING,0
EVT00458,30-05-2025 00:58:58,M04,115.38,6.79,6.87,25.1,49.0,32.7,1.708,24.38,25676,323.8,20.72,2.95,RUNNING,0
EVT00459,30-05-2025 08:59:45,M04,110.31,7.12,6.44,23.2,39.3,28.9,0.534,29.85,20373,342.4,14.97,3.67,RUNNING,0
EVT00460,30-05-2025 16:07:17,M04,121.3,5.98,6.69,24.3,48.7,27.0,0.981,26.18,21083,337.4,11.94,3.18,RUNNING,0
EVT00461,30-05-2025 21:51:28,M04,85.08,4.85,5.44,36.1,75.9,54.1,3.003,44.78,15185,325.3,29.03,5.78,DOWN,1
EVT00462,31-05-2025 07:32:16,M04,131.0,6.2,5.98,25.1,37.3,28.4,1.174,24.9,20453,373.2,20.06,3.32,RUNNING,0
EVT00463,31-05-2025 16:53:55,M04,133.47,6.39,6.47,21.5,46.5,30.1,1.074,24.52,21747,341.8,22.22,2.6,DOWN,1
EVT00464,01-06-2025 02:13:38,M04,108.47,6.83,5.9,21.5,38.6,30.7,1.027,29.91,22862,372.8,20.32,2.66,RUNNING,0
EVT00465,01-06-2025 09:43:25,M04,116.79,6.64,6.17,30.6,42.1,31.8,1.02,25.7,24573,364.2,19.34,3.01,RUNNING,0
EVT00466,01-06-2025 14:32:57,M04,66.29,4.75,4.74,32.7,76.9,57.3,4.348,45.66,15920,319.3,35.48,5.41,DOWN,1
EVT00467,01-06-2025 23:45:10,M04,77.21,4.96,4.67,36.9,69.2,53.5,3.119,37.05,16978,336.8,30.42,4.06,DOWN,1
EVT00468,02-06-2025 07:50:31,M04,121.05,6.4,6.65,23.1,47.4,38.4,0.982,26.84,23377,328.3,20.37,2.93,RUNNING,0
EVT00469,02-06-2025 14:23:52,M04,84.16,4.5,5.07,40.2,72.8,58.6,3.434,39.01,18169,354.2,28.23,4.79,DOWN,1
EVT00470,02-06-2025 19:26:10,M04,111.39,6.11,6.21,27.5,41.4,23.2,1.31,21.66,23722,352.4,17.74,2.99,RUNNING,0
EVT00471,03-06-2025 03:01:08,M04,70.73,5.84,4.55,44.7,69.3,54.6,3.411,38.69,18202,316.1,33.26,4.3,DOWN,1
EVT00472,03-06-2025 12:50:03,M04,120.41,6.14,5.89,23.0,41.5,31.1,1.09,25.75,21652,341.8,17.53,2.35,RUNNING,0
EVT00473,03-06-2025 17:43:27,M04,121.8,6.54,6.6,29.3,45.0,23.1,1.33,22.36,19616,322.0,24.09,3.69,RUNNING,0
EVT00474,03-06-2025 21:50:04,M04,119.42,6.31,6.24,18.8,47.3,36.8,1.17,24.89,23443,357.2,19.01,3.79,RUNNING,0
EVT00475,04-06-2025 02:01:09,M04,102.98,5.75,4.82,41.8,69.6,58.4,2.834,34.88,19766,343.8,29.84,4.63,DOWN,1
EVT00476,04-06-2025 11:02:04,M04,75.4,5.32,4.24,35.3,61.8,55.5,3.17,43.91,16667,388.2,28.36,4.75,DOWN,1
EVT00477,04-06-2025 20:29:39,M04,127.11,6.35,6.47,21.5,45.1,32.4,1.158,21.53,25295,308.6,20.76,2.46,RUNNING,0
EVT00478,05-06-2025 00:50:56,M04,120.53,6.26,6.27,25.4,48.2,35.4,0.734,24.44,22879,370.0,16.8,2.44,RUNNING,0
EVT00479,05-06-2025 06:08:39,M04,83.75,4.74,4.77,43.2,72.2,56.9,3.426,34.89,17713,331.9,27.28,4.29,DOWN,1
EVT00480,05-06-2025 14:45:43,M04,112.71,6.8,6.78,26.5,52.7,29.4,0.94,27.45,23910,342.1,16.63,3.29,RUNNING,0
EVT00481,01-05-2025 11:48:23,M05,141.13,6.7,6.9,20.6,44.1,30.2,0.634,20.19,23145,317.8,20.35,2.68,RUNNING,0
EVT00482,01-05-2025 15:57:20,M05,121.96,6.96,6.7,25.1,46.3,26.9,1.54,21.82,22340,336.8,17.95,3.24,RUNNING,0
EVT00483,01-05-2025 23:39:35,M05,121.08,6.15,6.67,20.8,44.2,26.7,1.587,25.22,22706,343.4,21.49,2.6,RUNNING,0
EVT00484,02-05-2025 05:50:53,M05,114.53,6.14,6.26,24.6,47.0,39.2,1.193,25.46,22462,358.4,19.96,3.26,RUNNING,0
EVT00485,02-05-2025 12:39:14,M05,121.31,6.36,6.22,22.7,39.7,29.5,0.858,26.03,23030,352.6,13.69,2.84,RUNNING,0
EVT00486,02-05-2025 17:06:07,M05,87.3,4.79,4.58,38.0,69.6,52.6,2.738,39.2,15728,381.6,28.8,3.8,DOWN,1
EVT00487,03-05-2025 01:17:09,M05,126.11,6.71,6.43,20.3,46.8,34.5,1.061,26.58,21459,335.4,17.11,3.41,RUNNING,0
EVT00488,03-05-2025 05:37:08,M05,106.42,6.3,5.89,23.0,48.4,33.9,1.047,22.88,21369,297.8,25.0,3.13,DOWN,1
EVT00489,03-05-2025 12:35:46,M05,81.01,4.85,4.95,42.4,62.7,54.5,3.35,37.41,16534,350.9,30.44,4.23,DOWN,1
EVT00490,03-05-2025 18:09:41,M05,103.72,6.37,6.76,20.4,40.0,31.5,1.195,23.4,25265,348.1,19.86,2.74,RUNNING,0
EVT00491,04-05-2025 03:07:19,M05,124.52,6.82,6.5,26.4,34.4,27.2,1.51,29.5,20647,342.9,13.54,3.17,RUNNING,0
EVT00492,04-05-2025 12:25:18,M05,118.1,6.51,6.18,17.2,46.3,35.5,0.962,24.44,21754,361.5,17.54,3.3,RUNNING,0
EVT00493,04-05-2025 21:25:15,M05,143.84,7.22,6.14,23.4,36.1,32.1,1.702,33.34,22318,320.3,20.0,3.34,RUNNING,0
EVT00494,05-05-2025 06:39:50,M05,75.64,4.67,4.58,41.7,63.7,60.7,3.732,45.93,18020,295.4,35.69,4.3,DOWN,1
EVT00495,05-05-2025 12:23:31,M05,88.82,4.17,4.74,39.0,69.9,63.6,3.292,40.4,16265,397.0,34.26,5.17,DOWN,1
EVT00496,05-05-2025 17:48:26,M05,113.49,6.91,6.68,20.0,43.5,39.5,0.956,26.21,23003,340.2,18.87,2.41,RUNNING,0
EVT00497,06-05-2025 00:45:41,M05,85.52,4.95,4.5,46.2,70.1,58.2,4.046,40.99,16645,358.4,31.66,4.91,DOWN,1
EVT00498,06-05-2025 05:08:56,M05,127.5,6.85,5.5,22.6,39.1,37.1,1.083,28.52,20674,363.6,20.17,3.1,RUNNING,0
EVT00499,06-05-2025 11:53:00,M05,123.37,6.56,6.31,24.0,32.9,32.0,1.268,24.53,20203,334.9,18.55,2.49,RUNNING,0
EVT00500,06-05-2025 21:07:46,M05,92.16,4.87,4.53,37.3,70.6,57.8,2.77,39.73,14999,325.7,33.8,5.14,DOWN,1
EVT00501,07-05-2025 02:57:13,M05,123.15,6.79,6.58,27.7,44.2,26.8,0.717,29.91,23264,348.7,19.62,3.28,DOWN,1
EVT00502,07-05-2025 12:22:40,M05,116.9,6.24,5.72,22.3,49.1,30.2,0.786,25.85,21523,336.5,23.64,3.53,RUNNING,0
EVT00503,07-05-2025 18:02:54,M05,84.55,5.13,4.87,37.9,61.0,56.7,3.676,34.63,18923,316.5,27.67,4.7,DOWN,1
EVT00504,07-05-2025 23:45:12,M05,78.34,3.85,5.42,40.0,77.5,63.1,3.953,37.74,14941,354.9,33.05,4.67,DOWN,1
EVT00505,08-05-2025 04:39:29,M05,112.92,6.99,6.4,26.3,47.9,34.7,1.167,27.13,24166,329.5,20.82,3.18,RUNNING,0
EVT00506,08-05-2025 09:14:30,M05,121.38,6.44,6.14,23.9,39.5,40.6,0.794,22.15,20931,369.4,19.6,3.51,DOWN,1
EVT00507,08-05-2025 14:19:45,M05,82.57,4.89,5.34,33.2,82.0,59.3,2.597,37.23,17153,325.6,27.23,3.58,DOWN,1
EVT00508,08-05-2025 20:22:37,M05,121.05,6.17,7.3,24.5,44.8,34.5,0.654,23.51,25174,369.3,18.04,3.07,RUNNING,0
EVT00509,09-05-2025 04:59:28,M05,141.73,6.05,6.36,20.5,41.2,27.8,1.038,27.95,19647,342.5,22.78,3.54,RUNNING,0
EVT00510,09-05-2025 09:53:00,M05,107.13,6.89,6.1,25.5,41.5,34.8,0.735,19.92,22330,357.2,23.31,3.31,DOWN,1
EVT00511,09-05-2025 15:36:31,M05,116.46,6.47,6.32,21.4,43.7,31.0,0.988,24.58,22732,344.0,15.7,3.27,RUNNING,0
EVT00512,09-05-2025 21:50:03,M05,98.01,5.22,5.28,35.8,74.6,67.2,2.926,36.52,18102,354.9,24.77,4.21,DOWN,1
EVT00513,10-05-2025 06:53:19,M05,115.11,7.06,6.06,18.8,38.2,34.8,1.43,28.75,20608,328.7,18.31,4.07,RUNNING,0
EVT00514,10-05-2025 13:10:11,M05,125.21,6.35,6.17,22.1,41.1,27.1,1.742,23.78,21974,330.7,18.04,3.07,RUNNING,0
EVT00515,10-05-2025 20:34:40,M05,119.57,6.33,6.83,22.5,39.0,36.1,0.982,27.61,18728,352.0,17.89,3.56,RUNNING,0
EVT00516,11-05-2025 03:53:47,M05,121.13,6.7,7.22,26.9,47.2,35.2,0.927,23.59,20201,315.5,15.19,2.75,RUNNING,0
EVT00517,11-05-2025 09:24:31,M05,112.03,7.21,5.87,26.4,35.0,31.4,0.841,23.04,25215,332.9,17.96,2.66,RUNNING,0
EVT00518,11-05-2025 17:21:52,M05,114.18,6.28,6.72,22.3,39.8,32.6,1.224,26.72,21777,357.7,18.77,3.27,RUNNING,0
EVT00519,11-05-2025 22:53:06,M05,112.23,6.56,6.18,25.3,42.9,33.2,0.945,24.93,24473,332.9,18.56,2.88,RUNNING,0
EVT00520,12-05-2025 04:46:43,M05,132.37,6.05,6.38,17.9,42.4,33.1,0.726,23.67,22935,345.8,19.39,3.24,RUNNING,0
EVT00521,12-05-2025 13:28:28,M05,102.61,6.48,6.44,27.0,44.3,32.8,1.313,28.76,21927,344.5,14.79,2.46,RUNNING,0
EVT00522,12-05-2025 20:46:43,M05,122.55,6.68,6.59,19.7,36.9,28.3,0.795,20.79,24854,359.7,12.2,3.29,DOWN,1
EVT00523,13-05-2025 05:20:55,M05,99.27,4.68,5.08,45.1,67.7,58.8,3.087,41.84,14152,292.7,35.75,4.87,DOWN,1
EVT00524,13-05-2025 13:23:59,M05,83.58,4.11,4.99,42.7,74.7,59.2,3.968,37.19,17810,333.1,30.54,4.53,DOWN,1
EVT00525,13-05-2025 19:40:15,M05,90.86,4.59,5.53,37.7,76.6,64.8,3.483,40.31,15906,363.7,27.93,4.71,DOWN,1
EVT00526,14-05-2025 02:57:09,M05,107.78,6.86,6.62,25.9,48.1,35.2,1.449,26.83,23646,365.4,13.47,2.66,RUNNING,0
EVT00527,14-05-2025 08:52:18,M05,121.15,6.1,6.55,16.6,39.3,32.8,0.828,28.9,22569,320.1,22.4,3.24,RUNNING,0
EVT00528,14-05-2025 17:57:13,M05,137.78,6.93,6.24,23.9,45.7,36.7,1.597,24.51,20676,370.1,13.44,2.64,RUNNING,0
EVT00529,15-05-2025 01:31:17,M05,130.94,6.32,5.79,20.0,35.9,27.5,1.048,25.5,22703,340.2,16.93,3.33,RUNNING,0
EVT00530,15-05-2025 10:43:15,M05,121.27,6.87,5.91,23.5,46.3,23.8,1.55,21.25,22816,336.4,24.36,3.48,RUNNING,0
EVT00531,15-05-2025 18:48:34,M05,118.22,6.44,6.63,18.4,46.5,29.5,1.197,24.33,23399,324.1,18.94,3.68,RUNNING,0
EVT00532,16-05-2025 03:41:03,M05,122.46,6.94,5.98,18.9,44.1,29.6,1.822,22.71,22560,307.8,19.58,3.59,RUNNING,0
EVT00533,16-05-2025 09:08:59,M05,127.58,6.94,6.81,21.9,41.4,24.0,0.902,25.19,21447,338.9,15.58,3.12,RUNNING,0
EVT00534,16-05-2025 19:07:36,M05,114.91,7.19,6.29,23.3,50.2,26.6,0.885,24.02,22290,321.3,26.93,2.74,RUNNING,0
EVT00535,16-05-2025 23:15:31,M05,115.44,6.61,7.18,23.1,45.3,39.6,0.991,22.71,21795,344.3,17.42,2.37,RUNNING,0
EVT00536,17-05-2025 06:28:45,M05,123.16,6.07,6.52,24.7,37.6,37.9,0.829,21.59,22802,329.6,20.6,3.41,RUNNING,0
EVT00537,17-05-2025 10:32:54,M05,122.49,6.63,6.2,22.0,36.6,35.3,1.289,18.08,23689,326.2,18.84,2.73,RUNNING,0
EVT00538,17-05-2025 17:54:04,M05,134.71,6.75,7.21,23.7,46.3,28.5,1.15,24.75,23430,333.9,18.85,3.24,RUNNING,0
EVT00539,18-05-2025 01:54:59,M05,129.76,6.48,6.53,22.5,48.3,24.0,1.291,21.24,23086,344.5,18.56,2.51,RUNNING,0
EVT00540,18-05-2025 07:33:12,M05,125.97,6.66,6.87,22.1,48.1,31.9,1.589,24.29,21500,368.1,15.71,3.09,RUNNING,0
EVT00541,18-05-2025 17:16:27,M05,89.65,5.27,5.19,44.2,71.6,59.7,4.406,46.76,18071,339.2,34.43,5.03,DOWN,1
EVT00542,19-05-2025 01:35:28,M05,120.59,7.2,6.55,25.3,45.5,34.2,1.384,28.9,24644,337.4,17.65,3.24,RUNNING,0
EVT00543,19-05-2025 09:50:28,M05,114.38,6.42,6.1,26.1,42.9,37.0,0.861,23.94,22656,359.9,21.43,3.56,RUNNING,0
EVT00544,19-05-2025 19:41:17,M05,110.37,6.78,6.85,25.7,37.4,30.2,1.415,27.06,22913,343.3,12.4,3.58,RUNNING,0
EVT00545,20-05-2025 03:31:13,M05,132.78,6.7,6.32,24.1,44.0,32.0,0.67,26.57,24257,342.9,22.06,3.48,RUNNING,0
EVT00546,20-05-2025 09:31:08,M05,132.99,6.33,6.13,22.0,40.2,26.7,1.341,26.2,22869,334.1,20.06,2.51,RUNNING,0
EVT00547,20-05-2025 17:18:47,M05,113.68,6.43,6.82,23.8,48.1,31.5,1.2,26.5,22234,356.7,17.13,2.5,RUNNING,0
EVT00548,21-05-2025 02:28:09,M05,107.23,6.97,6.43,19.0,31.6,28.1,1.061,21.55,23537,342.3,16.56,3.1,RUNNING,0
EVT00549,21-05-2025 11:04:42,M05,126.45,6.82,6.0,21.8,41.3,30.9,1.748,26.85,22380,349.3,22.73,3.18,RUNNING,0
EVT00550,21-05-2025 15:33:24,M05,119.85,5.7,5.76,26.4,37.7,37.4,1.224,27.14,22114,318.7,20.57,3.23,RUNNING,0
EVT00551,21-05-2025 20:29:26,M05,128.55,6.68,6.59,15.1,39.5,30.0,1.402,22.17,26322,321.0,18.21,2.69,RUNNING,0
EVT00552,22-05-2025 01:47:15,M05,125.21,6.81,6.91,24.5,39.7,34.8,0.862,23.57,22431,339.5,18.56,2.38,RUNNING,0
EVT00553,22-05-2025 10:40:37,M05,131.48,6.15,6.42,27.7,43.5,30.4,1.458,24.18,24406,342.0,17.22,2.91,RUNNING,0
EVT00554,22-05-2025 14:44:00,M05,118.27,6.95,6.09,25.1,45.1,31.2,1.607,23.98,22094,310.5,18.37,3.13,RUNNING,0
EVT00555,22-05-2025 19:06:56,M05,125.53,7.56,6.2,19.3,44.8,33.4,1.461,23.38,21254,335.0,14.4,2.55,RUNNING,0
EVT00556,22-05-2025 23:34:41,M05,101.52,4.12,5.03,37.1,73.1,57.2,3.918,44.12,16830,339.1,35.76,4.98,DOWN,1
EVT00557,23-05-2025 09:14:38,M05,114.14,7.47,5.97,21.7,36.4,28.6,0.902,22.99,22949,361.7,20.62,2.7,RUNNING,0
EVT00558,23-05-2025 17:44:08,M05,107.93,7.08,7.14,17.9,48.3,32.9,1.102,25.32,23164,327.0,22.47,3.54,RUNNING,0
EVT00559,24-05-2025 03:43:55,M05,121.85,7.23,5.31,21.2,37.9,26.5,1.496,23.4,18999,350.7,18.52,3.91,RUNNING,0
EVT00560,24-05-2025 12:08:48,M05,136.52,6.34,6.98,26.6,43.9,26.1,0.899,17.97,23391,367.2,20.42,3.13,RUNNING,0
EVT00561,24-05-2025 17:42:28,M05,122.28,7.42,6.65,21.8,43.8,33.9,1.074,23.47,22483,357.4,23.56,3.42,RUNNING,0
EVT00562,24-05-2025 21:42:51,M05,87.03,3.96,3.68,40.9,67.7,51.8,2.989,43.7,17536,355.5,33.09,4.83,DOWN,1
EVT00563,25-05-2025 02:02:24,M05,85.47,5.12,4.6,44.4,74.8,60.0,4.166,34.82,16309,320.3,27.27,4.78,DOWN,1
EVT00564,25-05-2025 09:45:32,M05,123.99,6.6,6.42,20.6,48.3,28.6,0.669,21.63,24667,300.4,22.75,2.3,RUNNING,0
EVT00565,25-05-2025 13:46:29,M05,92.13,5.02,5.29,38.8,71.0,52.5,2.885,43.79,17550,354.4,30.42,5.23,DOWN,1
EVT00566,25-05-2025 21:08:46,M05,125.46,6.99,6.12,29.5,52.0,33.7,1.553,24.09,20597,361.0,21.39,2.73,RUNNING,0
EVT00567,26-05-2025 06:29:30,M05,129.01,6.71,6.24,18.5,47.8,33.5,2.027,24.71,22953,338.5,19.98,3.36,RUNNING,0
EVT00568,26-05-2025 13:17:10,M05,91.32,4.84,5.06,44.6,70.9,52.7,3.267,36.7,13811,317.2,29.57,4.7,DOWN,1
EVT00569,26-05-2025 18:05:53,M05,80.4,5.01,5.54,32.6,73.4,65.8,3.225,45.55,17951,346.0,37.08,4.89,DOWN,1
EVT00570,27-05-2025 03:07:48,M05,93.15,5.2,4.78,47.2,70.2,62.3,3.617,34.68,16834,316.9,39.52,4.14,DOWN,1
EVT00571,27-05-2025 11:20:23,M05,128.63,6.25,6.91,21.4,44.5,33.6,0.715,25.61,23024,353.2,22.42,2.72,RUNNING,0
EVT00572,27-05-2025 18:56:19,M05,111.22,6.47,5.99,24.2,39.7,35.9,1.264,28.01,18865,310.7,13.73,3.62,RUNNING,0
EVT00573,27-05-2025 22:59:25,M05,83.74,4.99,5.03,41.1,78.7,59.9,3.378,43.21,17828,328.3,26.39,4.55,DOWN,1
EVT00574,28-05-2025 08:37:52,M05,98.04,6.45,6.45,19.7,49.5,27.8,1.474,26.26,25764,374.0,20.62,2.52,RUNNING,0
EVT00575,28-05-2025 13:18:52,M05,127.98,6.51,5.43,22.1,41.7,38.1,1.173,23.76,21620,345.3,19.98,3.12,DOWN,1
EVT00576,28-05-2025 18:26:44,M05,90.34,5.03,4.98,38.2,71.6,64.1,3.084,43.44,14787,321.6,30.67,4.61,DOWN,1
EVT00577,29-05-2025 04:12:55,M05,116.57,6.7,5.68,21.7,46.4,31.6,1.223,20.48,22349,333.8,19.09,3.03,DOWN,1
EVT00578,29-05-2025 09:12:34,M05,128.9,6.11,6.46,28.4,48.4,34.0,1.275,24.62,21147,355.8,18.24,3.33,RUNNING,0
EVT00579,29-05-2025 13:43:20,M05,122.63,5.84,7.3,21.8,46.6,30.3,1.069,24.29,20632,321.7,11.56,3.56,RUNNING,0
EVT00580,29-05-2025 22:28:03,M05,115.56,6.76,6.8,18.7,46.1,33.5,1.764,26.67,21883,351.7,18.11,3.91,RUNNING,0
EVT00581,30-05-2025 02:33:02,M05,130.15,6.59,6.24,21.7,37.1,32.4,1.224,22.55,19747,320.2,19.62,3.23,RUNNING,0
EVT00582,30-05-2025 10:37:06,M05,128.02,6.21,6.86,27.5,44.5,33.6,1.435,21.92,21770,372.8,19.55,3.91,RUNNING,0
EVT00583,30-05-2025 18:31:57,M05,94.74,5.61,5.07,44.7,67.4,57.4,2.724,37.94,17847,337.3,30.85,5.46,DOWN,1
EVT00584,30-05-2025 22:52:19,M05,131.21,6.78,6.68,24.6,40.0,27.1,1.185,24.4,22915,354.7,18.61,2.42,RUNNING,0
EVT00585,31-05-2025 07:57:14,M05,116.64,6.23,6.02,26.1,43.0,34.5,1.431,25.95,23703,359.1,19.04,3.65,RUNNING,0
EVT00586,31-05-2025 17:48:09,M05,106.42,7.16,6.15,21.5,38.5,31.9,1.12,30.47,23788,319.5,17.46,2.43,RUNNING,0
EVT00587,31-05-2025 23:17:34,M05,110.45,6.74,6.34,23.1,40.2,32.6,0.774,24.74,23745,298.9,17.9,3.28,RUNNING,0
EVT00588,01-06-2025 07:11:47,M05,119.19,7.46,5.82,21.0,44.6,33.9,1.025,21.82,23430,337.3,19.4,2.96,RUNNING,0
EVT00589,01-06-2025 12:47:25,M05,114.53,6.23,6.19,23.1,36.5,35.8,1.206,21.8,24924,367.1,19.13,2.57,RUNNING,0
EVT00590,01-06-2025 18:46:19,M05,117.44,5.84,6.53,25.5,46.6,32.1,1.483,21.59,25227,327.0,16.68,2.84,RUNNING,0
EVT00591,02-06-2025 01:05:40,M05,122.14,6.27,6.47,19.7,46.9,34.9,1.198,23.05,22966,392.6,16.34,3.11,RUNNING,0
EVT00592,02-06-2025 10:17:54,M05,116.0,5.91,6.11,19.1,40.4,27.7,1.489,24.85,24113,371.9,19.12,3.47,RUNNING,0
EVT00593,02-06-2025 19:03:20,M05,126.05,6.61,6.32,23.3,47.0,23.5,1.095,27.05,22872,336.3,15.62,2.15,RUNNING,0
EVT00594,03-06-2025 01:54:46,M05,78.65,3.8,4.72,39.9,74.3,54.4,3.489,40.71,18478,357.5,28.77,4.82,DOWN,1
EVT00595,03-06-2025 06:39:25,M05,114.54,5.37,6.31,22.3,39.4,26.0,1.028,24.66,22643,336.2,12.14,2.4,RUNNING,0
EVT00596,03-06-2025 12:54:39,M05,84.96,4.65,4.65,34.2,67.7,69.9,3.225,43.16,16705,347.5,28.75,4.28,DOWN,1
EVT00597,03-06-2025 21:53:39,M05,93.61,3.66,5.02,42.2,68.3,60.8,3.651,35.08,18262,354.1,31.19,4.52,DOWN,1
EVT00598,04-06-2025 03:16:47,M05,127.58,6.68,7.16,18.6,37.1,32.6,1.398,17.28,22494,303.8,18.46,3.4,RUNNING,0
EVT00599,04-06-2025 10:44:23,M05,127.01,6.75,6.15,23.4,39.8,40.2,1.372,27.36,24565,365.8,22.05,3.11,RUNNING,0
EVT00600,04-06-2025 18:30:44,M05,136.83,6.23,5.71,26.0,41.1,33.7,1.745,20.88,22438,387.8,23.45,3.37,RUNNING,0
