plan_id,production_date,product_id,machine_id,plan_quantity,actual_quantity,plan_energy_kwh,actual_energy_kwh,plan_time_hours,actual_time_hours,quantity_variance_pct,status
PLN0001,24-04-2025,PRD020,M01,2287,2005,206.0,238.4,6.36,6.99,-12.33,ON_TARGET
PLN0002,09-05-2025,PRD018,M03,2365,1978,105.1,107.1,10.55,12.85,-16.36,UNDER
PLN0003,15-05-2025,PRD036,M04,3749,3020,361.6,428.7,11.24,12.41,-19.45,ON_TARGET
PLN0004,28-02-2025,PRD004,M05,1419,1169,235.8,254.4,4.08,3.84,-17.62,ON_TARGET
PLN0005,11-05-2025,PRD039,M03,3310,2678,340.5,388.0,16.88,20.28,-19.09,ON_TARGET
PLN0006,03-05-2025,PRD010,M02,3546,3724,167.9,176.8,12.91,13.49,5.02,UNDER
PLN0007,06-05-2025,PRD004,M01,2091,1848,80.8,83.4,9.84,10.06,-11.62,ON_TARGET
PLN0008,20-05-2025,PRD021,M03,1445,1156,329.6,352.6,12.45,13.68,-20.0,ON_TARGET
PLN0009,21-04-2025,PRD005,M02,1749,1813,274.6,309.5,18.44,17.52,3.66,OVER
PLN0010,15-01-2025,PRD027,M03,2462,2341,230.0,201.4,4.87,4.78,-4.91,ON_TARGET
PLN0011,09-02-2025,PRD004,M04,585,639,147.9,176.7,12.71,11.78,9.23,ON_TARGET
PLN0012,30-04-2025,PRD009,M01,1773,1527,345.0,337.6,12.43,13.06,-13.87,UNDER
PLN0013,20-01-2025,PRD040,M04,2052,1840,391.7,469.7,16.49,19.28,-10.33,ON_TARGET
PLN0014,18-02-2025,PRD022,M04,1731,1706,344.2,337.6,12.56,14.57,-1.44,ON_TARGET
PLN0015,12-01-2025,PRD025,M02,3215,2622,161.2,138.4,4.1,4.27,-18.44,UNDER
PLN0016,15-05-2025,PRD016,M03,2673,2291,347.7,339.7,15.32,13.82,-14.29,OVER
PLN0017,12-04-2025,PRD021,M03,3895,3589,359.4,357.3,5.73,6.45,-7.86,ON_TARGET
PLN0018,10-05-2025,PRD032,M05,1672,1717,234.1,243.0,15.75,17.58,2.69,UNDER
PLN0019,24-04-2025,PRD027,M03,2548,2655,176.0,160.8,15.76,16.8,4.2,OVER
PLN0020,16-05-2025,PRD039,M05,3534,3407,321.3,310.7,4.24,4.93,-3.59,UNDER
PLN0021,12-03-2025,PRD001,M02,3522,3748,182.6,156.3,18.02,15.83,6.42,ON_TARGET
PLN0022,28-01-2025,PRD022,M04,3357,3472,298.0,339.7,14.97,16.54,3.43,ON_TARGET
PLN0023,30-01-2025,PRD018,M02,2079,1674,209.8,195.0,5.43,5.8,-19.48,ON_TARGET
PLN0024,03-03-2025,PRD008,M05,3253,3392,291.5,267.1,14.12,16.03,4.27,ON_TARGET
PLN0025,11-05-2025,PRD006,M03,2017,1870,129.1,118.4,11.99,12.72,-7.29,UNDER
PLN0026,16-04-2025,PRD040,M02,638,660,192.6,214.5,15.77,17.31,3.45,UNDER
PLN0027,25-05-2025,PRD027,M04,3116,2615,195.5,223.8,12.77,11.55,-16.08,OVER
PLN0028,11-04-2025,PRD040,M02,2294,2202,173.4,178.7,19.5,18.56,-4.01,ON_TARGET
PLN0029,17-02-2025,PRD036,M03,1845,2014,191.9,163.4,19.26,18.2,9.16,UNDER
PLN0030,02-01-2025,PRD002,M03,3118,2700,336.1,399.4,4.72,4.71,-13.41,UNDER
PLN0031,08-03-2025,PRD040,M05,1770,1944,367.7,405.1,10.11,10.76,9.83,UNDER
PLN0032,29-03-2025,PRD028,M02,1509,1459,347.2,352.9,13.06,12.81,-3.31,ON_TARGET
PLN0033,26-04-2025,PRD003,M02,1921,1900,323.2,284.2,9.1,10.68,-1.09,ON_TARGET
PLN0034,08-02-2025,PRD040,M04,2714,2936,313.7,372.5,14.65,14.02,8.18,OVER
PLN0035,20-02-2025,PRD010,M04,2477,2258,335.7,374.6,17.82,16.91,-8.84,OVER
PLN0036,01-03-2025,PRD033,M02,1853,1553,191.8,170.2,13.85,12.4,-16.19,ON_TARGET
PLN0037,17-01-2025,PRD027,M05,2085,2219,157.1,162.3,18.61,18.45,6.43,ON_TARGET
PLN0038,25-04-2025,PRD038,M04,2247,2380,380.9,357.9,16.57,18.42,5.92,OVER
PLN0039,21-01-2025,PRD024,M02,3274,2958,274.0,307.6,19.47,18.51,-9.65,ON_TARGET
PLN0040,16-04-2025,PRD040,M04,2609,2100,246.4,290.2,19.75,19.36,-19.51,UNDER
PLN0041,19-02-2025,PRD019,M01,1893,1944,166.4,166.3,7.94,7.2,2.69,ON_TARGET
PLN0042,28-01-2025,PRD039,M02,1966,1975,171.2,197.4,14.0,17.22,0.46,ON_TARGET
PLN0043,05-02-2025,PRD022,M04,1168,982,267.3,302.4,7.2,8.14,-15.92,UNDER
PLN0044,10-04-2025,PRD020,M04,3184,3114,382.9,427.8,18.19,18.09,-2.2,OVER
PLN0045,04-02-2025,PRD040,M03,1072,1021,355.9,351.9,12.13,13.94,-4.76,OVER
PLN0046,02-02-2025,PRD008,M05,1868,1715,128.9,113.7,15.92,18.96,-8.19,OVER
PLN0047,30-05-2025,PRD039,M03,3981,3283,207.0,181.9,14.85,18.4,-17.53,ON_TARGET
PLN0048,24-05-2025,PRD022,M04,2366,2008,346.7,342.6,10.73,13.25,-15.13,ON_TARGET
PLN0049,11-03-2025,PRD016,M03,3195,3016,273.1,277.8,8.53,7.81,-5.6,OVER
PLN0050,02-05-2025,PRD012,M03,3990,3204,362.2,428.0,4.94,5.44,-19.7,UNDER
PLN0051,04-05-2025,PRD025,M05,3580,3006,383.6,400.0,9.51,10.08,-16.03,ON_TARGET
PLN0052,23-01-2025,PRD019,M01,1047,1102,204.7,207.5,18.55,22.5,5.25,UNDER
PLN0053,13-02-2025,PRD002,M05,3672,3145,220.3,256.9,5.52,4.99,-14.35,UNDER
PLN0054,07-03-2025,PRD019,M05,1863,1942,366.3,438.5,5.97,6.69,4.24,OVER
PLN0055,22-03-2025,PRD010,M05,2180,1748,123.1,110.0,15.32,16.84,-19.82,ON_TARGET
PLN0056,03-01-2025,PRD024,M03,738,635,368.4,370.8,16.5,16.1,-13.96,ON_TARGET
PLN0057,20-01-2025,PRD036,M02,1073,970,304.4,321.8,18.85,23.47,-9.6,ON_TARGET
PLN0058,17-02-2025,PRD010,M04,2737,2310,253.5,248.6,18.21,22.17,-15.6,ON_TARGET
PLN0059,11-03-2025,PRD004,M03,3968,3352,135.5,127.1,9.45,8.59,-15.52,ON_TARGET
PLN0060,16-04-2025,PRD001,M04,3303,2903,341.7,367.8,11.69,14.48,-12.11,ON_TARGET
PLN0061,02-04-2025,PRD008,M02,2521,2122,168.6,196.9,18.27,18.93,-15.83,ON_TARGET
PLN0062,29-03-2025,PRD023,M01,794,695,265.6,255.6,7.41,8.22,-12.47,UNDER
PLN0063,01-05-2025,PRD014,M04,3780,3905,270.8,250.0,14.37,16.17,3.31,UNDER
PLN0064,19-03-2025,PRD026,M02,1067,960,365.0,327.8,13.44,16.25,-10.03,ON_TARGET
PLN0065,09-01-2025,PRD039,M04,3591,3643,306.9,354.1,6.74,7.62,1.45,ON_TARGET
PLN0066,14-03-2025,PRD036,M01,2366,2436,133.4,124.7,17.41,17.55,2.96,UNDER
PLN0067,18-01-2025,PRD030,M05,1093,973,184.2,215.7,6.2,6.19,-10.98,OVER
PLN0068,15-05-2025,PRD034,M02,2846,2745,348.4,411.5,18.79,20.78,-3.55,UNDER
PLN0069,27-04-2025,PRD032,M02,3332,3398,137.6,153.5,10.25,9.53,1.98,ON_TARGET
PLN0070,04-01-2025,PRD010,M04,2277,1990,293.1,348.1,4.7,4.24,-12.6,ON_TARGET
PLN0071,26-04-2025,PRD033,M04,1449,1242,128.9,116.3,15.52,17.59,-14.29,ON_TARGET
PLN0072,05-04-2025,PRD018,M02,2698,2947,317.8,359.5,19.64,19.69,9.23,ON_TARGET
PLN0073,04-05-2025,PRD030,M03,923,859,316.3,330.7,9.87,10.42,-6.93,ON_TARGET
PLN0074,30-04-2025,PRD003,M05,1943,1588,393.5,396.1,18.12,22.3,-18.27,ON_TARGET
PLN0075,16-02-2025,PRD017,M05,3626,2938,235.9,222.7,16.04,19.0,-18.97,UNDER
PLN0076,10-03-2025,PRD017,M03,2442,2374,283.2,332.1,7.99,7.44,-2.78,ON_TARGET
PLN0077,09-04-2025,PRD028,M04,3667,3293,214.6,255.1,6.32,7.6,-10.2,OVER
PLN0078,12-02-2025,PRD032,M04,1677,1670,173.3,154.6,5.72,4.88,-0.42,OVER
PLN0079,18-01-2025,PRD027,M02,1624,1581,278.1,254.2,8.62,9.21,-2.65,OVER
PLN0080,14-05-2025,PRD006,M04,3504,3443,236.7,213.1,12.8,12.69,-1.74,ON_TARGET
PLN0081,01-02-2025,PRD036,M03,2112,1740,176.7,161.4,19.03,18.03,-17.61,UNDER
PLN0082,30-04-2025,PRD030,M04,1054,981,289.1,335.0,14.47,12.76,-6.93,ON_TARGET
PLN0083,19-01-2025,PRD015,M02,1858,2011,91.4,87.4,11.88,10.51,8.23,ON_TARGET
PLN0084,12-05-2025,PRD005,M02,3432,3023,247.4,263.8,8.89,8.81,-11.92,UNDER
PLN0085,01-04-2025,PRD033,M05,2084,1974,270.7,270.4,15.62,13.31,-5.28,ON_TARGET
PLN0086,17-01-2025,PRD037,M04,2655,2511,327.0,322.9,11.48,10.65,-5.42,ON_TARGET
PLN0087,04-04-2025,PRD002,M04,3060,2877,380.6,347.1,7.9,8.73,-5.98,ON_TARGET
PLN0088,27-02-2025,PRD021,M04,932,790,243.9,255.9,7.39,7.08,-15.24,ON_TARGET
PLN0089,17-03-2025,PRD006,M01,3880,3909,115.5,112.6,6.76,6.38,0.75,OVER
PLN0090,06-01-2025,PRD006,M04,3579,3767,318.0,325.6,8.13,9.61,5.25,OVER
PLN0091,12-01-2025,PRD022,M03,666,571,97.9,89.4,12.13,14.45,-14.26,UNDER
PLN0092,26-01-2025,PRD025,M02,3117,3091,221.9,251.9,8.96,10.94,-0.83,ON_TARGET
PLN0093,26-01-2025,PRD026,M03,2251,2088,217.5,188.1,16.02,15.87,-7.24,ON_TARGET
PLN0094,04-05-2025,PRD034,M02,2519,2658,123.9,117.5,7.65,9.21,5.52,UNDER
PLN0095,24-05-2025,PRD034,M03,2490,2156,200.6,209.1,4.3,4.76,-13.41,OVER
PLN0096,12-01-2025,PRD014,M02,2879,2720,81.3,77.2,12.45,14.19,-5.52,ON_TARGET
PLN0097,28-04-2025,PRD008,M02,713,723,196.8,211.9,7.55,8.7,1.4,ON_TARGET
PLN0098,24-03-2025,PRD003,M03,2285,2329,378.4,450.2,11.3,12.37,1.93,UNDER
PLN0099,13-04-2025,PRD022,M05,900,901,388.9,347.8,8.99,7.92,0.11,ON_TARGET
PLN0100,01-05-2025,PRD020,M05,1753,1653,336.9,311.6,16.13,18.83,-5.7,UNDER
PLN0101,10-02-2025,PRD013,M04,3777,3433,96.0,86.2,18.27,16.63,-9.11,ON_TARGET
PLN0102,15-03-2025,PRD028,M05,2507,2497,191.6,207.3,4.15,3.96,-0.4,ON_TARGET
PLN0103,27-02-2025,PRD019,M04,1010,973,137.8,137.1,5.19,5.32,-3.66,OVER
PLN0104,14-04-2025,PRD013,M01,2972,2757,154.9,148.1,8.84,10.14,-7.23,ON_TARGET
PLN0105,16-02-2025,PRD040,M03,2906,2674,399.4,369.7,16.21,15.54,-7.98,UNDER
PLN0106,05-02-2025,PRD003,M05,3462,3149,267.0,313.6,4.48,5.54,-9.04,UNDER
PLN0107,14-03-2025,PRD032,M05,2155,2251,361.8,355.9,15.56,19.44,4.45,UNDER
PLN0108,17-03-2025,PRD039,M04,3078,2767,344.7,373.4,4.53,4.16,-10.1,ON_TARGET
PLN0109,13-02-2025,PRD030,M02,3289,3447,101.5,88.8,8.79,9.87,4.8,OVER
PLN0110,23-01-2025,PRD035,M03,1226,1263,285.0,334.7,16.37,17.38,3.02,UNDER
PLN0111,23-04-2025,PRD013,M01,3251,3362,353.7,330.7,17.58,16.13,3.41,UNDER
PLN0112,20-05-2025,PRD038,M03,625,617,291.1,330.5,5.65,6.86,-1.28,OVER
PLN0113,08-02-2025,PRD027,M01,2004,1984,97.5,108.6,5.12,5.01,-1.0,ON_TARGET
PLN0114,14-02-2025,PRD030,M05,2580,2605,100.7,98.6,10.5,11.46,0.97,ON_TARGET
PLN0115,10-04-2025,PRD026,M05,1881,2016,223.9,198.3,5.65,5.38,7.18,ON_TARGET
PLN0116,15-04-2025,PRD032,M01,3028,2492,352.5,311.5,16.57,14.82,-17.7,ON_TARGET
PLN0117,14-03-2025,PRD031,M04,1387,1156,331.9,362.4,18.26,20.21,-16.65,ON_TARGET
PLN0118,24-05-2025,PRD026,M02,3378,2787,123.4,134.2,16.66,16.51,-17.5,UNDER
PLN0119,25-01-2025,PRD007,M02,2054,2104,143.7,139.7,14.07,13.91,2.43,OVER
PLN0120,26-05-2025,PRD039,M03,2748,2843,370.1,405.5,16.37,14.44,3.46,OVER
PLN0121,11-05-2025,PRD011,M03,747,729,152.6,134.0,13.75,12.23,-2.41,OVER
PLN0122,03-01-2025,PRD039,M01,3083,2732,260.0,223.9,13.94,13.32,-11.39,ON_TARGET
PLN0123,06-04-2025,PRD008,M03,3952,3407,213.4,200.4,12.67,15.36,-13.79,ON_TARGET
PLN0124,26-03-2025,PRD006,M03,759,741,272.7,310.2,17.38,15.48,-2.37,OVER
PLN0125,30-01-2025,PRD034,M04,2765,2499,318.6,340.0,9.65,8.25,-9.62,UNDER
PLN0126,17-04-2025,PRD024,M03,1041,1115,131.0,124.5,9.95,11.18,7.11,ON_TARGET
PLN0127,28-02-2025,PRD029,M04,1950,1667,115.9,115.2,11.14,10.08,-14.51,ON_TARGET
PLN0128,26-03-2025,PRD021,M05,3933,3988,83.9,85.3,4.35,4.59,1.4,ON_TARGET
PLN0129,21-01-2025,PRD037,M04,2226,2348,266.8,263.8,7.68,7.09,5.48,UNDER
PLN0130,12-03-2025,PRD036,M05,1634,1549,172.0,173.6,17.91,16.21,-5.2,ON_TARGET
PLN0131,18-05-2025,PRD028,M05,1587,1308,199.8,217.1,19.74,23.82,-17.58,UNDER
PLN0132,19-03-2025,PRD032,M05,2499,2369,134.6,128.2,11.23,13.97,-5.2,UNDER
PLN0133,23-04-2025,PRD038,M04,1405,1153,393.1,379.5,12.56,11.03,-17.94,OVER
PLN0134,11-02-2025,PRD001,M01,3671,3118,138.7,158.0,10.18,9.7,-15.06,UNDER
PLN0135,18-05-2025,PRD011,M05,1502,1222,252.6,226.2,17.39,20.01,-18.64,ON_TARGET
PLN0136,03-01-2025,PRD022,M03,2520,2519,214.1,230.9,6.71,6.97,-0.04,ON_TARGET
PLN0137,13-02-2025,PRD038,M01,1904,1875,236.7,203.4,5.0,4.78,-1.52,UNDER
PLN0138,05-02-2025,PRD026,M05,1157,1095,197.5,207.2,9.35,11.3,-5.36,ON_TARGET
PLN0139,22-01-2025,PRD018,M05,2961,3062,220.0,195.4,5.36,5.26,3.41,UNDER
PLN0140,25-05-2025,PRD027,M05,1507,1207,285.7,299.3,16.36,18.4,-19.91,ON_TARGET
PLN0141,25-03-2025,PRD030,M04,2202,2141,194.2,218.8,7.14,6.65,-2.77,ON_TARGET
PLN0142,24-01-2025,PRD032,M03,3048,2684,126.0,108.3,14.94,15.92,-11.94,UNDER
PLN0143,17-04-2025,PRD029,M03,3456,3196,344.7,345.6,15.33,16.41,-7.52,OVER
PLN0144,06-03-2025,PRD015,M02,2914,2854,399.6,350.5,13.57,12.8,-2.06,OVER
PLN0145,18-05-2025,PRD032,M02,2816,2658,298.0,311.1,8.6,10.13,-5.61,UNDER
PLN0146,27-03-2025,PRD011,M02,2825,2275,310.4,314.9,14.15,12.92,-19.47,UNDER
PLN0147,09-01-2025,PRD029,M03,3095,2909,285.0,297.0,7.73,6.64,-6.01,ON_TARGET
PLN0148,09-04-2025,PRD033,M05,1627,1667,284.7,277.2,4.01,4.1,2.46,ON_TARGET
PLN0149,17-01-2025,PRD006,M04,3365,3656,118.8,110.6,14.12,17.37,8.65,OVER
PLN0150,23-03-2025,PRD038,M01,2040,2235,196.7,173.2,15.27,16.38,9.56,UNDER
PLN0151,13-01-2025,PRD025,M04,3372,3045,172.1,191.9,11.96,11.02,-9.7,ON_TARGET
PLN0152,01-02-2025,PRD033,M02,3733,3837,309.8,351.3,7.21,7.8,2.79,UNDER
PLN0153,23-02-2025,PRD038,M03,553,603,312.3,267.9,12.3,10.8,9.04,UNDER
PLN0154,22-02-2025,PRD019,M03,3203,3119,331.6,324.7,17.71,21.19,-2.62,UNDER
PLN0155,14-04-2025,PRD011,M03,3970,4149,352.5,301.1,17.22,16.14,4.51,UNDER
PLN0156,09-01-2025,PRD029,M01,1936,1690,240.1,229.3,13.85,12.38,-12.71,ON_TARGET
PLN0157,18-01-2025,PRD024,M03,3966,3762,216.3,258.7,18.81,21.05,-5.14,UNDER
PLN0158,11-04-2025,PRD011,M01,2683,2817,394.1,358.6,8.38,10.09,4.99,OVER
PLN0159,21-02-2025,PRD029,M01,863,873,230.1,225.5,8.01,7.83,1.16,UNDER
PLN0160,03-03-2025,PRD007,M05,2282,1858,211.4,250.7,15.82,13.88,-18.58,UNDER
PLN0161,25-04-2025,PRD008,M02,2159,1917,378.9,329.3,18.1,20.46,-11.21,ON_TARGET
PLN0162,08-03-2025,PRD036,M02,1922,1940,332.1,315.6,5.16,6.18,0.94,ON_TARGET
PLN0163,21-02-2025,PRD038,M04,1602,1480,217.7,220.7,19.4,18.39,-7.62,UNDER
PLN0164,20-04-2025,PRD012,M04,958,849,256.8,272.8,8.22,10.23,-11.38,ON_TARGET
PLN0165,13-05-2025,PRD034,M02,622,627,177.1,183.8,17.39,19.82,0.8,ON_TARGET
PLN0166,17-01-2025,PRD030,M03,1948,1595,293.0,345.1,5.34,6.01,-18.12,OVER
PLN0167,21-04-2025,PRD024,M01,2198,1914,142.0,140.4,14.26,13.92,-12.92,ON_TARGET
PLN0168,16-01-2025,PRD024,M01,1234,1261,281.2,297.3,11.65,11.6,2.19,UNDER
PLN0169,23-01-2025,PRD031,M01,2971,3034,147.0,165.1,9.37,8.84,2.12,ON_TARGET
PLN0170,17-05-2025,PRD034,M05,2681,2821,259.7,298.9,12.91,14.31,5.22,ON_TARGET
PLN0171,14-02-2025,PRD027,M05,2591,2260,116.1,112.8,4.96,5.41,-12.77,UNDER
PLN0172,01-03-2025,PRD037,M03,2311,2354,292.5,320.3,9.02,9.17,1.86,ON_TARGET
PLN0173,21-02-2025,PRD027,M03,1558,1502,374.9,408.3,8.28,8.74,-3.59,UNDER
PLN0174,27-01-2025,PRD035,M02,3278,2932,374.3,337.5,8.42,7.27,-10.56,ON_TARGET
PLN0175,11-05-2025,PRD017,M01,1344,1080,83.4,97.9,15.76,17.8,-19.64,UNDER
PLN0176,23-04-2025,PRD028,M03,715,770,217.2,219.1,18.19,16.95,7.69,ON_TARGET
PLN0177,24-01-2025,PRD035,M05,2318,2146,385.5,447.6,18.2,17.01,-7.42,OVER
PLN0178,21-01-2025,PRD027,M05,2920,2377,257.8,238.9,18.83,20.24,-18.6,UNDER
PLN0179,23-01-2025,PRD010,M03,1974,1892,339.9,361.7,5.81,5.99,-4.15,ON_TARGET
PLN0180,22-04-2025,PRD022,M02,2144,1729,146.4,158.3,12.71,11.07,-19.36,UNDER
PLN0181,14-02-2025,PRD021,M05,1025,820,187.3,210.3,6.13,7.53,-20.0,UNDER
PLN0182,01-03-2025,PRD031,M05,3918,3443,266.5,258.3,5.35,6.25,-12.12,ON_TARGET
PLN0183,07-01-2025,PRD035,M04,3280,3252,269.2,308.5,4.89,5.6,-0.85,ON_TARGET
PLN0184,10-05-2025,PRD001,M04,1593,1430,141.6,155.6,12.94,15.76,-10.23,UNDER
PLN0185,27-05-2025,PRD034,M05,3658,3811,117.8,107.8,10.43,10.25,4.18,OVER
PLN0186,19-02-2025,PRD021,M03,3565,3266,370.1,323.9,11.13,13.47,-8.39,ON_TARGET
PLN0187,08-05-2025,PRD030,M04,1763,1848,282.1,319.9,12.58,13.9,4.82,UNDER
PLN0188,15-04-2025,PRD023,M04,2912,2435,325.9,317.5,4.2,4.65,-16.38,UNDER
PLN0189,24-01-2025,PRD030,M02,3994,3748,391.5,411.9,9.73,10.91,-6.16,ON_TARGET
PLN0190,16-05-2025,PRD039,M05,2043,1640,289.7,258.4,5.42,4.66,-19.73,OVER
PLN0191,02-04-2025,PRD002,M04,2380,2253,371.5,434.2,18.73,18.92,-5.34,ON_TARGET
PLN0192,07-01-2025,PRD034,M02,920,767,375.0,322.6,10.13,9.4,-16.63,ON_TARGET
PLN0193,02-03-2025,PRD039,M03,1080,1003,162.0,165.5,16.27,18.12,-7.13,UNDER
PLN0194,06-03-2025,PRD021,M02,961,884,369.7,420.4,5.04,5.98,-8.01,OVER
PLN0195,11-04-2025,PRD033,M01,3351,3669,97.7,96.2,19.5,20.89,9.49,UNDER
PLN0196,07-02-2025,PRD015,M04,1241,1357,195.7,204.8,7.9,9.77,9.35,ON_TARGET
PLN0197,22-02-2025,PRD037,M02,1521,1648,197.5,228.2,13.6,12.18,8.35,ON_TARGET
PLN0198,29-04-2025,PRD031,M04,2836,2571,142.5,162.5,13.96,15.67,-9.34,ON_TARGET
PLN0199,17-02-2025,PRD015,M05,1837,1486,382.0,373.7,11.73,11.65,-19.11,ON_TARGET
PLN0200,10-05-2025,PRD028,M04,2846,2968,103.0,119.1,19.31,24.05,4.29,ON_TARGET
PLN0201,29-01-2025,PRD020,M02,3786,3890,99.3,114.7,17.42,20.24,2.75,ON_TARGET
PLN0202,12-05-2025,PRD026,M02,3005,2761,330.9,312.9,6.94,8.28,-8.12,ON_TARGET
PLN0203,22-01-2025,PRD003,M02,3414,3549,336.8,326.5,13.65,11.68,3.95,ON_TARGET
PLN0204,26-02-2025,PRD011,M05,2338,2291,122.7,141.6,19.35,17.37,-2.01,OVER
PLN0205,24-03-2025,PRD025,M02,2258,2137,319.9,295.3,13.74,13.12,-5.36,ON_TARGET
PLN0206,27-02-2025,PRD023,M02,1440,1472,288.1,267.5,17.78,17.58,2.22,UNDER
PLN0207,15-02-2025,PRD011,M04,1188,1257,374.0,364.0,9.04,10.22,5.81,ON_TARGET
PLN0208,22-03-2025,PRD035,M01,529,445,118.6,114.0,17.86,19.75,-15.88,ON_TARGET
PLN0209,09-02-2025,PRD004,M04,1509,1487,270.0,240.3,16.17,17.83,-1.46,OVER
PLN0210,13-01-2025,PRD023,M05,1645,1374,374.1,322.9,9.58,10.18,-16.47,UNDER
PLN0211,23-04-2025,PRD024,M03,3009,2523,310.2,360.2,4.49,3.88,-16.15,OVER
PLN0212,02-03-2025,PRD013,M05,2092,1868,258.1,283.7,16.16,16.03,-10.71,ON_TARGET
PLN0213,12-02-2025,PRD022,M02,1844,1819,275.7,320.7,4.06,3.62,-1.36,UNDER
PLN0214,07-02-2025,PRD024,M02,718,777,288.1,293.9,16.47,17.93,8.22,ON_TARGET
PLN0215,15-04-2025,PRD012,M04,2087,1967,307.9,312.7,4.29,4.82,-5.75,ON_TARGET
PLN0216,19-05-2025,PRD034,M04,2978,2916,225.3,205.1,14.48,12.94,-2.08,UNDER
PLN0217,27-03-2025,PRD008,M04,2589,2188,110.2,111.8,15.36,14.52,-15.49,ON_TARGET
PLN0218,31-03-2025,PRD032,M03,2423,2372,150.5,134.5,6.38,7.91,-2.1,ON_TARGET
PLN0219,04-05-2025,PRD007,M05,1219,1263,207.3,233.6,10.7,12.5,3.61,OVER
PLN0220,06-05-2025,PRD018,M02,3952,4267,84.9,88.9,14.51,17.23,7.97,UNDER
PLN0221,11-03-2025,PRD028,M04,1513,1582,100.3,108.3,7.23,8.36,4.56,UNDER
PLN0222,12-04-2025,PRD007,M02,3277,3444,97.0,97.0,7.08,6.38,5.1,OVER
PLN0223,26-02-2025,PRD012,M03,2753,2205,105.4,112.1,9.92,11.92,-19.91,ON_TARGET
PLN0224,22-03-2025,PRD025,M03,2960,2910,297.8,279.1,16.27,17.44,-1.69,UNDER
PLN0225,06-02-2025,PRD005,M04,944,867,204.8,183.3,5.3,4.68,-8.16,ON_TARGET
PLN0226,30-01-2025,PRD002,M02,3327,3594,216.2,197.9,9.25,10.89,8.03,OVER
PLN0227,07-04-2025,PRD010,M01,607,541,203.3,173.0,14.9,13.41,-10.87,ON_TARGET
PLN0228,13-02-2025,PRD029,M01,3197,2734,325.9,310.9,8.93,8.03,-14.48,ON_TARGET
PLN0229,20-01-2025,PRD002,M02,2851,3008,95.5,89.7,9.54,9.61,5.51,OVER
PLN0230,24-03-2025,PRD002,M01,2649,2542,348.3,333.3,5.63,5.08,-4.04,UNDER
PLN0231,27-03-2025,PRD022,M03,2572,2163,93.6,98.1,5.3,6.48,-15.9,OVER
PLN0232,09-04-2025,PRD008,M02,2592,2176,379.6,401.0,9.08,10.19,-16.05,ON_TARGET
PLN0233,06-05-2025,PRD012,M04,1319,1192,107.3,127.6,11.49,13.7,-9.63,ON_TARGET
PLN0234,14-02-2025,PRD034,M05,2785,2795,338.0,349.5,14.14,17.11,0.36,ON_TARGET
PLN0235,07-05-2025,PRD003,M05,3939,4192,244.5,274.6,18.11,18.78,6.42,ON_TARGET
PLN0236,07-02-2025,PRD020,M01,1729,1395,386.9,425.8,16.57,18.04,-19.32,ON_TARGET
PLN0237,11-02-2025,PRD024,M04,2880,2820,120.7,137.0,8.76,8.84,-2.08,UNDER
PLN0238,19-01-2025,PRD040,M02,1593,1294,391.2,463.6,7.17,8.47,-18.77,OVER
PLN0239,02-04-2025,PRD001,M04,3141,2682,344.7,295.5,15.06,17.72,-14.61,ON_TARGET
PLN0240,21-04-2025,PRD031,M01,915,753,374.6,439.4,15.86,19.13,-17.7,ON_TARGET
PLN0241,01-03-2025,PRD021,M03,3550,3790,197.4,190.2,15.2,13.29,6.76,UNDER
PLN0242,08-01-2025,PRD010,M03,2325,1994,315.0,373.2,12.65,15.56,-14.24,ON_TARGET
PLN0243,22-04-2025,PRD012,M02,3435,2787,170.0,185.6,7.02,8.47,-18.86,ON_TARGET
PLN0244,10-05-2025,PRD010,M04,1799,1592,304.3,270.4,17.66,16.06,-11.51,ON_TARGET
PLN0245,02-03-2025,PRD026,M04,1739,1657,262.1,246.5,12.55,15.38,-4.72,ON_TARGET
PLN0246,15-05-2025,PRD024,M01,1620,1714,110.9,96.6,10.48,11.73,5.8,ON_TARGET
PLN0247,03-01-2025,PRD033,M04,1677,1804,369.8,413.2,15.79,17.22,7.57,UNDER
PLN0248,30-04-2025,PRD008,M02,3359,3256,330.2,337.7,14.1,13.91,-3.07,ON_TARGET
PLN0249,03-02-2025,PRD015,M02,3092,2659,377.8,430.8,17.79,21.63,-14.0,ON_TARGET
PLN0250,07-02-2025,PRD036,M05,2054,1705,95.9,83.6,7.01,6.97,-16.99,OVER
PLN0251,18-03-2025,PRD010,M01,3695,3854,355.6,399.9,19.57,17.57,4.3,ON_TARGET
PLN0252,13-03-2025,PRD014,M05,1494,1395,233.9,279.5,8.23,10.0,-6.63,ON_TARGET
PLN0253,08-01-2025,PRD027,M02,1568,1706,283.1,247.0,18.78,18.17,8.8,OVER
PLN0254,25-03-2025,PRD001,M04,1265,1117,300.2,339.0,14.08,12.32,-11.7,ON_TARGET
PLN0255,20-01-2025,PRD020,M01,1755,1624,234.4,244.7,14.1,13.17,-7.46,OVER
PLN0256,26-01-2025,PRD034,M03,3253,3388,248.1,293.6,9.86,10.04,4.15,OVER
PLN0257,07-03-2025,PRD035,M01,2071,2183,282.6,278.6,18.49,19.44,5.41,OVER
PLN0258,04-03-2025,PRD033,M01,838,889,132.0,149.8,16.09,18.42,6.09,OVER
PLN0259,09-01-2025,PRD025,M03,1685,1647,302.8,296.0,8.07,8.44,-2.26,OVER
PLN0260,29-03-2025,PRD026,M03,3640,3430,383.0,431.7,9.67,9.95,-5.77,OVER
PLN0261,16-01-2025,PRD039,M05,1935,2031,371.1,348.1,12.28,14.16,4.96,ON_TARGET
PLN0262,03-05-2025,PRD033,M04,1238,1168,200.1,221.9,7.73,8.01,-5.65,ON_TARGET
PLN0263,16-05-2025,PRD003,M03,3452,2994,154.4,133.8,12.04,11.53,-13.27,UNDER
PLN0264,02-04-2025,PRD029,M05,660,567,205.1,237.5,5.76,6.61,-14.09,OVER
PLN0265,08-01-2025,PRD004,M04,1665,1716,379.3,355.2,14.27,16.31,3.06,ON_TARGET
PLN0266,28-05-2025,PRD027,M04,2421,2617,252.4,260.2,14.71,13.4,8.1,UNDER
PLN0267,10-03-2025,PRD003,M05,2694,2587,348.6,393.6,10.92,12.16,-3.97,ON_TARGET
PLN0268,08-02-2025,PRD016,M04,773,641,342.0,407.0,11.83,10.66,-17.08,ON_TARGET
PLN0269,14-01-2025,PRD002,M02,3575,3334,361.7,353.4,13.41,15.01,-6.74,ON_TARGET
PLN0270,04-05-2025,PRD028,M01,3299,2661,98.8,102.0,19.54,24.22,-19.34,ON_TARGET
PLN0271,15-03-2025,PRD031,M04,3276,3482,93.9,111.8,17.15,18.75,6.29,ON_TARGET
PLN0272,15-02-2025,PRD010,M04,1713,1811,323.6,381.6,10.76,13.09,5.72,OVER
PLN0273,13-04-2025,PRD001,M04,1337,1390,292.8,271.7,16.5,16.11,3.96,UNDER
PLN0274,13-05-2025,PRD038,M02,1338,1092,291.2,321.8,9.0,9.34,-18.39,UNDER
PLN0275,31-03-2025,PRD033,M02,2925,2579,167.4,161.3,6.34,5.73,-11.83,OVER
PLN0276,15-01-2025,PRD034,M03,1410,1487,262.6,288.7,18.09,17.61,5.46,UNDER
PLN0277,27-04-2025,PRD013,M02,3660,3256,280.1,256.8,9.92,9.83,-11.04,UNDER
PLN0278,23-04-2025,PRD012,M04,1645,1320,181.1,171.2,12.71,12.85,-19.76,OVER
PLN0279,01-04-2025,PRD022,M03,754,786,97.0,110.9,10.49,9.18,4.24,OVER
PLN0280,07-03-2025,PRD020,M02,3491,3233,227.7,222.4,9.9,11.56,-7.39,ON_TARGET
PLN0281,15-04-2025,PRD020,M04,1429,1381,148.9,144.7,12.53,14.37,-3.36,OVER
PLN0282,24-01-2025,PRD010,M04,2190,1981,273.9,267.9,5.55,6.08,-9.54,ON_TARGET
PLN0283,23-05-2025,PRD002,M01,3594,3813,260.1,222.7,9.49,9.38,6.09,UNDER
PLN0284,17-05-2025,PRD033,M04,1739,1611,151.9,167.8,9.59,10.86,-7.36,UNDER
PLN0285,10-02-2025,PRD007,M01,3599,3769,266.6,234.7,6.68,5.92,4.72,ON_TARGET
PLN0286,12-02-2025,PRD011,M04,3407,3171,224.7,263.5,13.24,13.31,-6.93,OVER
PLN0287,11-04-2025,PRD019,M05,2528,2312,294.1,329.8,14.06,13.35,-8.54,OVER
PLN0288,30-04-2025,PRD021,M05,3391,2721,245.7,289.3,15.01,13.44,-19.76,UNDER
PLN0289,29-01-2025,PRD001,M04,1790,1559,160.6,138.8,13.87,15.91,-12.91,ON_TARGET
PLN0290,18-05-2025,PRD024,M04,2240,2459,339.9,401.5,17.19,19.13,9.78,ON_TARGET
PLN0291,08-04-2025,PRD035,M05,3163,2798,166.2,171.8,8.53,10.56,-11.54,ON_TARGET
PLN0292,28-02-2025,PRD007,M04,652,629,316.9,334.4,7.33,8.94,-3.53,ON_TARGET
PLN0293,29-01-2025,PRD006,M02,1168,1087,254.2,269.6,5.17,6.19,-6.93,ON_TARGET
PLN0294,28-04-2025,PRD011,M02,2906,2859,397.7,395.2,6.93,8.59,-1.62,ON_TARGET
PLN0295,14-03-2025,PRD027,M03,648,583,395.9,470.1,19.75,23.3,-10.03,UNDER
PLN0296,11-05-2025,PRD023,M02,761,789,319.7,351.0,10.12,9.68,3.68,OVER
PLN0297,30-01-2025,PRD039,M01,1982,1618,368.2,401.8,14.74,18.1,-18.37,UNDER
PLN0298,26-04-2025,PRD025,M02,2985,2821,171.8,161.2,15.62,14.79,-5.49,OVER
PLN0299,25-02-2025,PRD017,M04,2717,2208,223.7,221.4,16.07,14.02,-18.73,ON_TARGET
PLN0300,22-03-2025,PRD035,M01,2839,2933,324.2,350.7,10.26,10.36,3.31,ON_TARGET
PLN0301,01-04-2025,PRD008,M02,2453,2621,275.9,271.9,17.31,17.82,6.85,ON_TARGET
PLN0302,29-03-2025,PRD004,M03,3399,3347,265.9,293.1,13.68,13.55,-1.53,UNDER
PLN0303,14-04-2025,PRD006,M01,1536,1476,102.1,116.2,4.71,4.71,-3.91,ON_TARGET
PLN0304,29-01-2025,PRD028,M02,1042,1090,216.4,203.0,5.57,6.8,4.61,ON_TARGET
PLN0305,12-03-2025,PRD016,M03,1130,1075,182.4,165.6,16.05,19.41,-4.87,ON_TARGET
PLN0306,12-03-2025,PRD012,M02,1806,1945,266.8,242.3,14.12,14.27,7.7,ON_TARGET
PLN0307,21-04-2025,PRD039,M04,902,833,290.4,306.4,4.07,4.45,-7.65,UNDER
PLN0308,01-05-2025,PRD034,M05,1143,927,382.2,415.9,11.28,12.86,-18.9,ON_TARGET
PLN0309,18-02-2025,PRD039,M05,2789,2964,258.1,291.7,9.24,8.35,6.27,ON_TARGET
PLN0310,07-02-2025,PRD036,M03,2943,2757,155.3,164.5,13.49,14.33,-6.32,UNDER
PLN0311,06-05-2025,PRD010,M01,2288,2042,145.8,140.9,16.85,15.09,-10.75,ON_TARGET
PLN0312,15-05-2025,PRD022,M05,1903,1994,329.4,358.1,8.52,7.31,4.78,ON_TARGET
PLN0313,17-02-2025,PRD025,M05,855,895,395.7,438.5,10.63,12.43,4.68,ON_TARGET
PLN0314,09-02-2025,PRD039,M03,1783,1795,86.1,92.2,8.74,7.79,0.67,ON_TARGET
PLN0315,25-02-2025,PRD005,M04,1147,1225,100.3,107.2,4.96,5.64,6.8,OVER
PLN0316,07-05-2025,PRD018,M05,3888,3858,270.5,246.1,19.24,22.98,-0.77,ON_TARGET
PLN0317,03-02-2025,PRD002,M04,1756,1488,187.6,222.4,17.79,18.25,-15.26,ON_TARGET
PLN0318,08-04-2025,PRD024,M05,3781,3921,357.7,399.3,12.06,10.93,3.7,OVER
PLN0319,12-03-2025,PRD027,M02,3204,3268,158.8,150.9,17.7,17.93,2.0,ON_TARGET
PLN0320,19-03-2025,PRD026,M05,1544,1532,268.8,290.9,19.89,19.11,-0.78,OVER
PLN0321,15-04-2025,PRD031,M04,3493,3635,87.3,89.6,5.69,6.37,4.07,ON_TARGET
PLN0322,15-02-2025,PRD002,M02,3673,3948,279.6,282.7,17.26,21.33,7.49,ON_TARGET
PLN0323,17-05-2025,PRD005,M02,3667,3042,308.5,322.0,12.35,10.98,-17.04,UNDER
PLN0324,29-01-2025,PRD025,M03,3750,3541,372.0,340.1,7.26,8.93,-5.57,ON_TARGET
PLN0325,29-01-2025,PRD010,M01,994,1006,329.7,384.3,6.35,6.21,1.21,ON_TARGET
PLN0326,10-04-2025,PRD039,M01,2540,2289,175.6,168.9,15.39,16.46,-9.88,UNDER
PLN0327,24-04-2025,PRD019,M03,591,594,311.7,284.6,14.39,17.28,0.51,UNDER
PLN0328,20-03-2025,PRD027,M02,2952,2648,129.4,131.4,7.71,8.67,-10.3,UNDER
PLN0329,19-03-2025,PRD001,M01,3839,4136,122.2,124.3,7.34,9.07,7.74,UNDER
PLN0330,05-01-2025,PRD029,M05,3922,3929,358.6,335.0,7.67,7.87,0.18,OVER
PLN0331,31-03-2025,PRD002,M01,2044,2141,136.8,145.8,5.12,4.37,4.75,ON_TARGET
PLN0332,04-05-2025,PRD033,M03,644,585,313.2,306.7,11.66,12.24,-9.16,OVER
PLN0333,28-02-2025,PRD036,M04,722,727,253.7,247.1,11.88,14.28,0.69,UNDER
PLN0334,04-01-2025,PRD023,M01,1114,1097,239.4,240.9,19.1,23.82,-1.53,OVER
PLN0335,03-04-2025,PRD030,M02,2596,2325,383.1,386.7,7.23,6.47,-10.44,OVER
PLN0336,17-02-2025,PRD014,M04,3181,3143,170.7,195.9,17.52,16.1,-1.19,ON_TARGET
PLN0337,07-03-2025,PRD025,M04,1316,1183,379.7,346.1,11.53,11.16,-10.11,ON_TARGET
PLN0338,16-05-2025,PRD015,M03,1409,1449,339.8,353.0,18.39,16.64,2.84,UNDER
PLN0339,09-01-2025,PRD034,M03,2673,2928,270.6,320.9,5.58,4.84,9.54,ON_TARGET
PLN0340,14-03-2025,PRD034,M01,676,591,395.2,424.6,10.29,9.07,-12.57,UNDER
PLN0341,25-02-2025,PRD038,M05,3095,2584,250.2,247.9,18.46,21.32,-16.51,OVER
PLN0342,30-05-2025,PRD017,M03,587,603,282.7,254.3,16.11,14.66,2.73,UNDER
PLN0343,08-02-2025,PRD029,M03,526,543,210.5,216.2,19.44,23.68,3.23,ON_TARGET
PLN0344,09-01-2025,PRD029,M02,2295,2402,182.3,185.0,5.8,7.08,4.66,OVER
PLN0345,15-05-2025,PRD012,M01,2540,2320,129.9,112.5,17.17,16.58,-8.66,UNDER
PLN0346,22-04-2025,PRD037,M01,569,548,385.8,437.2,7.51,6.99,-3.69,UNDER
PLN0347,11-04-2025,PRD004,M02,2597,2259,348.6,342.6,10.64,12.43,-13.02,ON_TARGET
PLN0348,20-01-2025,PRD025,M05,3869,3850,106.2,124.0,6.06,6.05,-0.49,ON_TARGET
PLN0349,23-02-2025,PRD029,M05,1427,1253,212.3,201.7,16.55,17.55,-12.19,UNDER
PLN0350,17-01-2025,PRD007,M05,3697,3344,200.8,187.7,19.36,21.16,-9.55,ON_TARGET
PLN0351,04-04-2025,PRD008,M03,2181,1867,273.6,262.0,9.59,11.17,-14.4,UNDER
PLN0352,25-05-2025,PRD005,M05,1801,1925,350.8,391.5,17.5,15.52,6.89,ON_TARGET
PLN0353,27-03-2025,PRD001,M04,937,981,92.1,93.3,7.95,9.4,4.7,OVER
PLN0354,13-02-2025,PRD031,M03,1823,1964,366.7,395.2,13.8,13.59,7.73,UNDER
PLN0355,14-03-2025,PRD038,M04,1606,1422,164.3,196.2,12.65,15.65,-11.46,UNDER
PLN0356,05-03-2025,PRD012,M02,2552,2160,223.4,224.5,13.22,13.28,-15.36,ON_TARGET
PLN0357,14-02-2025,PRD036,M05,1131,1217,252.3,270.0,5.67,5.15,7.6,UNDER
PLN0358,11-05-2025,PRD037,M04,2315,1968,335.0,392.3,14.72,13.59,-14.99,ON_TARGET
PLN0359,05-01-2025,PRD038,M05,1170,995,304.6,316.8,7.28,7.98,-14.96,OVER
PLN0360,06-03-2025,PRD035,M05,522,554,280.6,264.7,5.49,6.8,6.13,ON_TARGET
PLN0361,13-04-2025,PRD008,M03,2849,2927,165.3,183.1,16.24,19.02,2.74,UNDER
PLN0362,12-04-2025,PRD002,M02,3623,3510,217.9,187.1,13.45,12.31,-3.12,UNDER
PLN0363,06-05-2025,PRD008,M04,2907,2403,272.1,292.6,10.32,12.56,-17.34,UNDER
PLN0364,25-03-2025,PRD031,M02,2055,2132,367.2,365.2,19.48,17.75,3.75,OVER
PLN0365,17-01-2025,PRD022,M03,984,971,122.0,141.6,17.06,18.97,-1.32,ON_TARGET
PLN0366,04-03-2025,PRD039,M02,3486,3536,196.9,200.7,9.41,11.2,1.43,ON_TARGET
PLN0367,15-01-2025,PRD010,M04,1250,1150,279.3,318.7,18.8,16.58,-8.0,ON_TARGET
PLN0368,29-04-2025,PRD015,M02,3335,3575,133.9,127.2,18.43,19.91,7.2,ON_TARGET
PLN0369,20-02-2025,PRD010,M04,895,745,295.7,325.9,9.85,10.76,-16.76,ON_TARGET
PLN0370,11-04-2025,PRD001,M01,849,706,395.1,368.5,6.15,7.18,-16.84,ON_TARGET
PLN0371,08-02-2025,PRD009,M02,1271,1069,105.6,114.9,11.04,10.04,-15.89,UNDER
PLN0372,11-03-2025,PRD001,M05,2007,1682,88.9,92.7,6.49,5.69,-16.19,ON_TARGET
PLN0373,21-04-2025,PRD034,M04,2199,1811,177.4,178.5,8.5,8.37,-17.64,UNDER
PLN0374,03-01-2025,PRD038,M02,3316,2856,331.3,327.4,17.05,18.7,-13.87,UNDER
PLN0375,20-02-2025,PRD015,M05,2996,2905,277.9,289.4,4.89,5.08,-3.04,ON_TARGET
PLN0376,10-03-2025,PRD007,M04,2164,1994,95.3,85.6,11.44,14.15,-7.86,ON_TARGET
PLN0377,11-01-2025,PRD031,M03,2050,1757,86.8,85.2,18.71,18.33,-14.29,ON_TARGET
PLN0378,10-02-2025,PRD028,M04,3079,3025,188.2,222.2,9.64,9.32,-1.75,OVER
PLN0379,13-05-2025,PRD038,M04,3847,3692,358.2,327.5,18.22,21.01,-4.03,ON_TARGET
PLN0380,16-01-2025,PRD010,M01,3158,2934,393.2,451.8,16.65,16.38,-7.09,UNDER
PLN0381,09-04-2025,PRD031,M04,1933,1601,315.3,300.5,6.12,5.31,-17.18,ON_TARGET
PLN0382,16-05-2025,PRD021,M02,634,614,366.5,388.2,12.39,11.68,-3.15,ON_TARGET
PLN0383,18-01-2025,PRD025,M03,3527,3754,224.6,205.3,15.32,18.85,6.44,OVER
PLN0384,27-04-2025,PRD040,M05,1382,1452,96.5,82.5,14.78,13.27,5.07,ON_TARGET
PLN0385,08-01-2025,PRD001,M02,803,692,257.4,248.7,13.02,14.45,-13.82,ON_TARGET
PLN0386,13-01-2025,PRD034,M02,702,745,392.3,457.5,12.67,14.67,6.13,ON_TARGET
PLN0387,03-02-2025,PRD038,M05,581,560,227.6,256.9,15.92,15.63,-3.61,ON_TARGET
PLN0388,18-03-2025,PRD032,M03,3921,3251,314.5,324.1,8.99,7.69,-17.09,UNDER
PLN0389,13-02-2025,PRD006,M03,3477,3057,269.6,256.0,15.24,13.67,-12.08,ON_TARGET
PLN0390,25-04-2025,PRD021,M03,2549,2482,105.4,90.8,7.8,6.75,-2.63,ON_TARGET
PLN0391,09-04-2025,PRD003,M03,2345,1949,212.9,238.3,16.36,17.58,-16.89,ON_TARGET
PLN0392,03-03-2025,PRD022,M02,1384,1343,370.7,392.8,19.05,17.78,-2.96,ON_TARGET
PLN0393,15-03-2025,PRD006,M03,774,621,376.9,380.0,19.02,22.74,-19.77,UNDER
PLN0394,01-02-2025,PRD037,M03,1424,1505,297.6,315.4,13.9,16.85,5.69,OVER
PLN0395,16-03-2025,PRD008,M03,782,689,339.3,299.9,14.59,14.73,-11.89,OVER
PLN0396,25-03-2025,PRD033,M01,2277,2081,347.1,324.7,12.69,15.52,-8.61,UNDER
PLN0397,12-01-2025,PRD038,M03,2047,2024,380.9,422.1,18.49,21.87,-1.12,ON_TARGET
PLN0398,15-04-2025,PRD011,M04,3095,3302,336.7,323.1,13.94,15.54,6.69,ON_TARGET
PLN0399,01-03-2025,PRD024,M03,3950,3805,142.2,146.0,6.81,7.66,-3.67,OVER
PLN0400,16-03-2025,PRD028,M03,3571,3636,220.0,228.4,12.52,12.61,1.82,ON_TARGET
PLN0401,04-02-2025,PRD029,M01,665,572,225.2,269.2,8.91,10.41,-13.98,ON_TARGET
PLN0402,16-01-2025,PRD009,M04,593,490,213.4,211.3,14.02,12.27,-17.37,ON_TARGET
PLN0403,02-02-2025,PRD001,M01,3551,3264,267.0,293.4,8.29,7.49,-8.08,UNDER
PLN0404,12-02-2025,PRD037,M03,3624,3234,165.2,160.9,7.92,9.79,-10.76,ON_TARGET
PLN0405,08-05-2025,PRD008,M04,599,632,230.9,214.7,10.33,9.22,5.51,ON_TARGET
PLN0406,27-02-2025,PRD038,M02,2936,2911,231.3,236.3,16.35,14.24,-0.85,UNDER
PLN0407,10-04-2025,PRD023,M03,1573,1360,355.8,418.4,5.53,5.08,-13.54,UNDER
PLN0408,02-02-2025,PRD031,M02,2219,2392,359.4,321.4,6.28,5.55,7.8,OVER
PLN0409,14-02-2025,PRD023,M01,3794,3865,314.2,280.8,5.75,7.03,1.87,ON_TARGET
PLN0410,13-05-2025,PRD040,M03,1630,1607,263.3,230.1,12.3,15.0,-1.41,ON_TARGET
PLN0411,24-03-2025,PRD019,M01,2952,3052,344.9,347.7,11.1,11.54,3.39,OVER
PLN0412,24-01-2025,PRD038,M01,2679,2371,368.1,334.9,5.71,5.8,-11.5,UNDER
PLN0413,11-03-2025,PRD003,M04,1595,1651,291.0,256.0,7.23,8.24,3.51,ON_TARGET
PLN0414,08-05-2025,PRD001,M02,3974,3911,217.3,230.1,14.72,15.43,-1.59,UNDER
PLN0415,16-03-2025,PRD029,M04,1128,1045,177.5,200.4,16.32,19.16,-7.36,ON_TARGET
PLN0416,27-04-2025,PRD024,M01,2969,2662,392.9,386.0,12.59,14.87,-10.34,UNDER
PLN0417,05-01-2025,PRD021,M03,1929,1911,219.4,232.0,16.8,15.1,-0.93,UNDER
PLN0418,22-03-2025,PRD003,M01,3069,2647,237.9,224.4,9.15,10.08,-13.75,ON_TARGET
PLN0419,18-01-2025,PRD020,M05,3996,3342,203.0,210.2,17.02,16.39,-16.37,ON_TARGET
PLN0420,31-03-2025,PRD033,M04,2356,2489,100.6,95.6,12.92,11.61,5.65,ON_TARGET
PLN0421,31-03-2025,PRD001,M04,2266,2438,383.5,368.8,4.06,4.93,7.59,UNDER
PLN0422,28-04-2025,PRD024,M05,3352,3077,214.4,246.1,11.86,13.57,-8.2,OVER
PLN0423,22-02-2025,PRD016,M01,3611,3243,377.5,361.2,7.75,8.82,-10.19,OVER
PLN0424,18-03-2025,PRD031,M03,3090,3373,258.4,299.9,4.59,4.14,9.16,ON_TARGET
PLN0425,16-01-2025,PRD038,M05,1189,1087,91.4,80.2,13.32,11.84,-8.58,OVER
PLN0426,26-03-2025,PRD036,M02,2677,2459,364.1,371.7,7.05,6.97,-8.14,ON_TARGET
PLN0427,08-02-2025,PRD024,M02,1904,1990,280.5,263.2,10.43,11.88,4.52,ON_TARGET
PLN0428,13-03-2025,PRD004,M03,2989,2755,119.8,121.9,12.97,11.16,-7.83,UNDER
PLN0429,07-04-2025,PRD020,M01,589,623,267.3,317.3,8.5,8.63,5.77,UNDER
PLN0430,25-05-2025,PRD037,M01,3269,3245,334.6,295.5,15.59,16.86,-0.73,ON_TARGET
PLN0431,14-05-2025,PRD010,M03,1508,1261,167.4,146.5,14.76,15.57,-16.38,ON_TARGET
PLN0432,24-03-2025,PRD028,M02,1123,1065,374.4,418.0,13.35,14.47,-5.16,ON_TARGET
PLN0433,04-05-2025,PRD018,M03,1574,1483,384.5,432.7,13.76,15.57,-5.78,UNDER
PLN0434,02-01-2025,PRD019,M02,3532,3479,316.2,270.0,12.61,12.56,-1.5,ON_TARGET
PLN0435,08-03-2025,PRD026,M03,3750,3824,105.6,91.9,9.52,9.0,1.97,ON_TARGET
PLN0436,21-04-2025,PRD002,M04,1708,1434,142.3,164.3,19.9,23.32,-16.04,ON_TARGET
PLN0437,01-03-2025,PRD008,M04,2524,2612,290.4,328.5,11.79,14.68,3.49,UNDER
PLN0438,02-04-2025,PRD003,M04,1774,1717,151.7,150.4,14.07,15.07,-3.21,OVER
PLN0439,11-02-2025,PRD011,M05,3724,3339,374.5,350.9,12.12,14.82,-10.34,ON_TARGET
PLN0440,26-05-2025,PRD034,M05,2254,2087,292.4,268.9,14.54,13.39,-7.41,UNDER
PLN0441,31-03-2025,PRD025,M03,989,821,274.4,244.9,14.0,17.49,-16.99,ON_TARGET
PLN0442,24-02-2025,PRD019,M04,3735,4038,89.6,101.5,7.82,8.98,8.11,ON_TARGET
PLN0443,09-01-2025,PRD009,M02,2147,1830,215.7,213.2,19.41,20.71,-14.76,UNDER
PLN0444,13-04-2025,PRD007,M03,3990,3787,104.1,110.7,9.09,8.8,-5.09,ON_TARGET
PLN0445,08-05-2025,PRD019,M02,1504,1554,137.3,123.5,5.67,5.75,3.32,ON_TARGET
PLN0446,29-01-2025,PRD002,M03,1530,1673,83.5,72.8,13.33,13.99,9.35,ON_TARGET
PLN0447,09-03-2025,PRD036,M03,2860,2712,254.0,286.7,5.57,6.81,-5.17,ON_TARGET
PLN0448,21-05-2025,PRD019,M04,1366,1365,348.7,371.7,7.58,8.81,-0.07,OVER
PLN0449,27-05-2025,PRD007,M04,1387,1329,316.7,283.3,4.81,5.18,-4.18,UNDER
PLN0450,23-02-2025,PRD012,M05,2540,2644,89.2,86.3,8.85,10.08,4.09,UNDER
PLN0451,12-01-2025,PRD034,M02,2420,2101,218.6,216.1,14.68,18.08,-13.18,ON_TARGET
PLN0452,01-03-2025,PRD026,M02,1121,1089,313.1,349.8,19.58,24.38,-2.85,UNDER
PLN0453,28-04-2025,PRD035,M02,3079,2947,89.6,106.8,19.44,20.55,-4.29,ON_TARGET
PLN0454,06-05-2025,PRD005,M05,692,720,211.0,220.9,8.82,9.66,4.05,UNDER
PLN0455,01-02-2025,PRD036,M04,2236,1990,104.6,120.2,17.66,17.51,-11.0,ON_TARGET
PLN0456,11-02-2025,PRD027,M01,3148,3200,102.8,122.8,12.71,13.9,1.65,ON_TARGET
PLN0457,17-02-2025,PRD001,M03,942,864,382.3,422.4,19.99,22.43,-8.28,ON_TARGET
PLN0458,09-02-2025,PRD028,M02,2744,2924,254.2,237.9,15.72,18.1,6.56,UNDER
PLN0459,04-02-2025,PRD004,M05,1948,2049,177.2,196.0,8.06,7.91,5.18,ON_TARGET
PLN0460,31-01-2025,PRD006,M04,1729,1758,208.4,199.0,15.21,16.06,1.68,ON_TARGET
PLN0461,24-01-2025,PRD032,M04,1836,1768,90.2,87.4,7.79,9.38,-3.7,ON_TARGET
PLN0462,28-02-2025,PRD029,M01,3146,2830,162.3,147.3,8.43,10.25,-10.04,ON_TARGET
PLN0463,03-03-2025,PRD019,M05,1425,1437,186.8,181.4,4.93,5.99,0.84,UNDER
PLN0464,06-05-2025,PRD003,M04,3131,3237,227.6,271.5,7.62,9.05,3.39,OVER
PLN0465,07-04-2025,PRD021,M03,2390,1992,122.6,122.4,18.69,17.49,-16.65,ON_TARGET
PLN0466,04-04-2025,PRD003,M01,1547,1410,388.1,356.1,5.61,4.89,-8.86,UNDER
PLN0467,13-04-2025,PRD021,M05,1185,1035,182.0,155.3,17.07,19.79,-12.66,ON_TARGET
PLN0468,29-03-2025,PRD023,M02,1648,1331,268.7,296.3,9.34,8.84,-19.24,ON_TARGET
PLN0469,18-04-2025,PRD014,M01,2136,2192,143.7,157.7,19.43,17.92,2.62,UNDER
PLN0470,18-03-2025,PRD015,M02,2601,2768,363.6,365.4,16.12,17.0,6.42,UNDER
PLN0471,24-01-2025,PRD036,M05,2991,2447,158.5,178.3,4.31,4.56,-18.19,UNDER
PLN0472,16-02-2025,PRD033,M02,3323,2731,297.5,335.2,5.69,5.94,-17.82,UNDER
PLN0473,02-04-2025,PRD014,M01,1796,1492,327.8,305.8,10.96,11.58,-16.93,ON_TARGET
PLN0474,27-05-2025,PRD018,M02,1033,898,194.0,198.2,10.95,9.62,-13.07,ON_TARGET
PLN0475,27-02-2025,PRD002,M02,1377,1136,133.6,137.1,18.84,17.48,-17.5,UNDER
PLN0476,18-03-2025,PRD002,M04,1675,1541,114.7,123.1,6.33,7.41,-8.0,UNDER
PLN0477,04-03-2025,PRD030,M01,1074,961,305.8,308.5,14.12,14.34,-10.52,UNDER
PLN0478,12-04-2025,PRD026,M04,1548,1647,314.4,274.7,4.6,5.23,6.4,UNDER
PLN0479,21-04-2025,PRD037,M01,2864,2470,93.5,96.9,11.94,14.63,-13.76,UNDER
PLN0480,07-03-2025,PRD037,M03,3147,3141,260.2,274.0,12.12,14.37,-0.19,ON_TARGET
PLN0481,17-04-2025,PRD037,M05,2458,2288,147.5,139.6,13.35,12.16,-6.92,ON_TARGET
PLN0482,06-04-2025,PRD011,M03,1564,1692,266.2,264.1,19.73,19.67,8.18,OVER
PLN0483,04-04-2025,PRD038,M04,2914,2790,343.0,330.4,9.89,9.22,-4.26,ON_TARGET
PLN0484,20-01-2025,PRD006,M01,3477,2782,215.8,210.9,10.2,12.11,-19.99,OVER
PLN0485,10-03-2025,PRD027,M05,2911,3030,203.2,204.8,7.92,7.49,4.09,OVER
PLN0486,26-05-2025,PRD031,M04,2085,1692,317.7,375.5,18.83,21.38,-18.85,UNDER
PLN0487,04-03-2025,PRD005,M03,799,702,260.4,304.6,17.94,17.45,-12.14,ON_TARGET
PLN0488,05-02-2025,PRD013,M02,2355,2455,330.6,383.6,12.35,13.75,4.25,OVER
PLN0489,26-04-2025,PRD028,M05,1084,973,104.2,92.6,11.87,13.6,-10.24,ON_TARGET
PLN0490,12-03-2025,PRD013,M02,1677,1764,138.9,119.7,13.98,14.83,5.19,ON_TARGET
PLN0491,05-02-2025,PRD031,M05,1983,1912,294.7,255.8,6.76,7.0,-3.58,ON_TARGET
PLN0492,23-05-2025,PRD005,M02,1637,1519,352.0,372.5,18.87,19.49,-7.21,ON_TARGET
PLN0493,01-04-2025,PRD013,M04,785,668,101.7,111.5,9.58,8.26,-14.9,UNDER
PLN0494,27-02-2025,PRD011,M04,3627,3797,177.2,165.2,19.89,23.43,4.69,OVER
PLN0495,11-02-2025,PRD001,M03,2594,2282,199.9,176.3,15.97,16.93,-12.03,UNDER
PLN0496,05-03-2025,PRD005,M01,3990,3609,384.5,417.9,5.74,6.67,-9.55,UNDER
PLN0497,05-05-2025,PRD008,M03,1155,1254,399.5,420.1,6.99,6.89,8.57,ON_TARGET
PLN0498,27-04-2025,PRD025,M03,1900,1735,336.5,399.5,7.15,7.26,-8.68,UNDER
PLN0499,03-03-2025,PRD010,M04,1906,1556,93.2,104.9,9.43,10.68,-18.36,ON_TARGET
PLN0500,14-02-2025,PRD027,M02,2786,2915,145.5,151.7,18.42,17.28,4.63,ON_TARGET
